id,domain,status,purchase_price,renewal_price,attractiveness,demand,length,registrar,created_at,expires_at,status_verified_at
4bc1f452-e6c1-4a49-ac36-17905acb8cc8,stepfather.gay,available,38.99,38.99,high,low,10,namesilo,,,30/09/2026 22:37
e458519a-5b4f-40ca-b4cb-32b41a46247d,gaon.gay,available,1.75,31.28,high,low,4,spaceship,,,30/09/2026 19:42
77d9b1e9-1cbe-4188-8526-ad973042cca3,ratios.gay,available,38.99,38.99,medium,low,6,namesilo,,,20/09/2026 23:23
712dc8e5-2d6c-4533-b9df-ac12922ab82f,sparsely.gay,available,38.99,38.99,medium,low,8,namesilo,,,16/09/2026 05:55
5728d372-862c-4ab9-adba-abe59b20182f,ataxia.gay,available,53.99,53.99,medium,low,6,name.com,,,20/09/2026 19:46
fdbf3d16-5536-4279-8163-0a79a19c1080,opportunity.gay,premium,325,325,high,low,11,namecheap,,,27/09/2026 02:17
9455787e-1642-400b-827a-54a27317e411,osa.gay,premium,181.33,181.33,high,low,3,spaceship,,,30/09/2026 20:30
47ab41cd-f7f8-4b1a-9c49-25a7e567bcbd,assignee.gay,available,53.99,53.99,medium,low,8,name.com,,,20/09/2026 16:23
8e8b8d7b-212b-4b54-9aed-4940490b2522,snippet.gay,available,1.75,31.28,high,low,7,spaceship,,,30/09/2026 11:22
1b5d3abb-3b47-49fa-9da9-c566b3c18c3c,darpa.gay,available,2.98,50.98,medium,low,5,namecheap,,,01/10/2026 19:10
29051f29-4a30-4bef-a5d4-6bcae1112c0c,lockport.gay,available,1.75,31.28,medium,low,8,spaceship,,,30/09/2026 13:59
1af6e725-61fa-419e-b491-45d75f9d3710,masculine.gay,premium,130,130,high,low,9,namecheap,,,25/09/2026 17:05
575ded7f-32e7-4d77-8afd-94e954d74507,underived.gay,available,2.98,50.98,medium,low,9,namecheap,,,12/09/2026 07:29
be10aeeb-0acd-429b-973d-85f86c2f046a,aseptic.gay,available,2.98,50.98,high,low,7,namecheap,,,22/09/2026 09:33
98e8e865-91e6-4897-84bf-d5ad45ad3b60,nomothetic.gay,available,2.98,50.98,medium,low,10,namecheap,,,03/09/2026 18:22
0499e8c3-491e-4e3e-994d-334ab183d278,mother.gay,premium,130,130,high,low,6,namecheap,,,29/09/2026 19:00
f3499c14-2a3f-4ec7-badb-a498477fdce2,earhart.gay,available,2.98,50.98,medium,low,7,namecheap,,,18/09/2026 18:17
5ea57408-3fd6-42d8-8c69-bc42822bff34,experienced.gay,available,2.98,50.98,high,low,11,namecheap,,,01/10/2026 06:08
6bfc76e9-307d-4b74-94ef-e88cb0bfccea,candor.gay,available,38.99,38.99,high,low,6,namesilo,,,24/09/2026 12:01
11072761-05e1-4947-9ba2-636ae60a213b,nafta.gay,available,38.99,38.99,medium,low,5,namesilo,,,29/09/2026 07:38
aa29d535-3611-4094-af02-345b57776a11,irish.gay,premium,116,116,high,low,5,namesilo,,,22/08/2026 09:54
9596d9db-2574-4809-96e1-e6aab741bbff,ooo.gay,available,2.99,38.99,high,medium,3,namesilo,,,02/10/2026 03:15
1a16a8c1-9a0c-4699-a9bb-a4904824d11c,tapped.gay,available,2.98,50.98,high,low,6,namecheap,,,11/09/2026 08:19
2df85302-758f-4628-a96e-36344ea0b8a0,pole.gay,available,38.99,38.99,high,low,4,namesilo,,,24/09/2026 13:25
32e9f2b9-2a5e-47f0-9d19-fca146ed9cfd,angeles.gay,premium,116,116,high,low,7,namesilo,,,25/09/2026 16:22
6bc5fc71-bce9-435c-ad2b-78c519e944b5,daydream.gay,available,38.99,38.99,high,low,8,namesilo,,,17/09/2026 22:00
723ead47-6e6e-4f65-b5f2-fcf69c6b11f0,principled.gay,available,38.99,38.99,high,low,10,namesilo,,,27/09/2026 05:57
60db882f-92d9-4d75-833f-dd6c437f3ab3,prevented.gay,available,1.75,31.28,medium,low,9,spaceship,,,29/09/2026 10:45
5de26192-f1bf-4b05-a3bd-fb028df7ba77,unrecorded.gay,available,2.98,50.98,medium,low,10,namecheap,,,24/08/2026 07:46
6f774af5-8b6f-4ae0-a3d7-f4ba60c7356f,broiled.gay,available,2.98,50.98,medium,low,7,namecheap,,,11/08/2026 05:19
c8888003-1e98-4d4c-8c0b-6f359f037e17,beneath.gay,available,38.99,38.99,medium,low,7,namesilo,,,28/09/2026 12:25
4b795684-235b-4891-b13f-1ead82f10e07,everywhere.gay,available,38.99,38.99,high,low,10,namesilo,,,28/09/2026 14:50
b2561382-dd83-41fd-a4e3-79fbc3d95d51,shasta.gay,available,38.99,38.99,medium,low,6,namesilo,,,28/09/2026 14:55
9b1e84a5-8927-4d08-a3f3-927b733ad4b9,dandified.gay,available,53.99,53.99,medium,low,9,name.com,,,13/08/2026 17:01
77e14a41-a644-4892-b597-cdc26f413155,resolutely.gay,available,2.98,50.98,medium,low,10,namecheap,,,14/09/2026 11:12
62779757-522d-4ae0-97ef-051e02489f1e,fetch.gay,available,2.06,31.41,high,low,5,porkbun,,,28/09/2026 05:42
dc5b3266-4c7f-465e-9a97-7e698ed0bb04,complementary.gay,available,32.32,32.32,high,low,13,dynadot,,,01/10/2026 05:07
26bf87a0-d62b-42e9-a0e7-38c10c92ff27,fung.gay,available,2.98,50.98,medium,low,4,namecheap,,,30/09/2026 12:28
0254b736-3529-42c4-b319-7587cb011e65,starlight.gay,available,2.98,50.98,high,medium,9,namecheap,,,30/09/2026 18:51
7c6aafaa-3bcf-4ce6-bc92-897bbee755e3,topically.gay,available,38.99,38.99,medium,low,9,namesilo,,,16/09/2026 09:16
26a08062-72db-4020-bac8-d30cefa77310,atomic.gay,premium,116,116,high,medium,6,namesilo,,,22/09/2026 11:03
60f5498a-0b45-47fa-881e-6d0d3966a89d,caliber.gay,available,2.98,50.98,high,low,7,namecheap,,,24/09/2026 11:44
5a26ed43-20a6-415a-88af-33d493dcc97c,trig.gay,available,2.98,50.98,high,low,4,namecheap,,,12/08/2026 10:13
9b59adcb-3b2a-4990-a3d9-0616546fd12c,managing.gay,available,2.99,38.99,high,low,8,namesilo,,,01/10/2026 22:31
61c43981-75eb-4db4-bab6-5b87eaf640b0,sumatra.gay,available,2.99,38.99,medium,low,7,namesilo,,,02/10/2026 16:53
08354c32-94ad-4376-9c4a-69d25c477ab9,rhianna.gay,available,2.99,38.99,high,low,7,namesilo,,,02/10/2026 14:02
0d22e49d-155c-4b5f-b1c0-638bf3c5335d,steadying.gay,available,2.98,50.98,high,low,9,namecheap,,,10/09/2026 19:39
9564059f-aba0-4b17-80dc-69b52c6d1bdf,bottoms.gay,premium,845,845,medium,low,7,namecheap,,,20/09/2026 18:24
a3086ef8-38d3-4659-9637-a72a7d75fc28,categorically.gay,available,2.99,38.99,medium,low,13,namesilo,,,02/10/2026 00:27
10b4f46a-4a1a-4383-bec8-ee06581bed9c,hieratic.gay,available,2.98,50.98,medium,low,8,namecheap,,,21/08/2026 08:24
14921c43-b524-4f93-a2da-0241edf2ea72,arduous.gay,available,2.98,50.98,medium,low,7,namecheap,,,06/08/2026 16:40
a7f8cc24-e21a-4f3e-bf09-e999b93adb48,adequately.gay,available,38.99,38.99,medium,low,10,namesilo,,,28/09/2026 11:47
9c316899-4949-4414-a417-14659a74e395,extermination.gay,available,38.99,38.99,medium,low,13,namesilo,,,29/09/2026 23:26
d4a34953-1e38-41cd-942e-1a660dcdff19,regimented.gay,available,2.98,50.98,high,medium,10,namecheap,,,09/09/2026 12:55
d1961225-3dd1-478d-abb6-a04bc3a78533,abelian.gay,available,1.75,31.28,high,low,7,spaceship,,,29/09/2026 08:39
5477862d-62b1-4937-8a94-ee448da33750,doctorfish.gay,available,2.98,50.98,medium,low,10,namecheap,,,16/09/2026 20:58
a942768c-31f0-47b7-b0b8-43c4fb1c45bf,megalithic.gay,available,2.98,50.98,medium,low,10,namecheap,,,24/08/2026 19:24
b95d9b79-a22d-424b-94ef-b3a194a88497,spidery.gay,available,2.98,50.98,medium,low,7,namecheap,,,06/08/2026 11:46
35cd225b-5aff-468d-9a8c-f0b472cd0404,barn.gay,premium,130,130,high,low,4,namecheap,,,29/09/2026 01:11
7dc3e0f0-15d4-45f4-8820-a81281bd1236,reckless.gay,available,2.98,50.98,medium,low,8,namecheap,,,18/08/2026 10:33
a4cc1525-e672-497a-a043-d91d28af0c1a,rad.gay,premium,302.5,302.5,high,medium,3,namesilo,,,02/10/2026 06:10
1e03c8ca-dda6-4a41-ad7a-df0634ff097f,michelle.gay,premium,325,325,high,low,8,namecheap,,,25/09/2026 13:16
2c067342-8c11-43cc-bc9c-2e7cbef0122f,dogmatic.gay,available,2.98,50.98,medium,low,8,namecheap,,,14/08/2026 15:09
84a38046-9566-4720-9ea4-ed63d6fa4806,citrin.gay,available,2.98,50.98,high,low,6,namecheap,,,23/09/2026 18:00
aa69f174-9ce1-4047-a77f-c5d0002df90a,cathartic.gay,available,2.98,50.98,high,low,9,namecheap,,,05/08/2026 22:20
e0c30b24-8b14-469f-98df-0ce262e7b8e1,skilful.gay,available,53.99,53.99,high,low,7,name.com,,,21/09/2026 17:29
21f004bf-285d-4c95-8fa2-e4818fdd8f7e,anatoly.gay,available,1.75,31.28,medium,low,7,spaceship,,,30/09/2026 22:03
a9f98702-169d-4141-a236-55f5749c1db2,poetically.gay,available,2.98,50.98,medium,low,10,namecheap,,,15/09/2026 20:51
68f560cf-5178-4ee3-8c44-9ed2b1288de0,toffee.gay,premium,116,116,high,low,6,namesilo,,,11/08/2026 04:53
91edfd32-cb5d-419a-8a08-e39da364519d,hoy.gay,premium,116,116,high,low,3,namesilo,,,22/09/2026 05:42
3b433bbe-386b-4ab3-9f33-cd16c1ee2cc1,conveyors.gay,available,1.75,31.28,medium,low,9,spaceship,,,02/10/2026 03:29
cacb0a88-b091-4ca6-ae47-c3e57745fd7a,acetal.gay,available,38.99,38.99,medium,low,6,namesilo,,,16/09/2026 23:47
5d3a01c1-42b7-40ce-99bb-1b16451e5b8a,rand.gay,premium,2660,2660,high,low,4,namesilo,,,21/09/2026 10:39
05578838-6edf-425d-8efe-7ff28bbf4362,broadly.gay,available,1.75,31.28,medium,low,7,spaceship,,,28/09/2026 13:32
fd1d0db4-e845-4f36-b953-cac9d0d024c9,princess.gay,premium,2600,2600,high,low,8,namecheap,,,30/09/2026 07:25
c789834a-51ed-402e-85c3-0a4eabca178c,translate.gay,available,38.99,38.99,high,low,9,namesilo,,,28/09/2026 06:59
a7748ff9-7cd9-4913-9220-332d55c36e3f,blasted.gay,available,2.98,50.98,medium,low,7,namecheap,,,10/08/2026 12:35
f2a9e44b-3e4d-4489-a583-01cffa7961e3,headline.gay,available,38.99,38.99,high,low,8,namesilo,,,29/09/2026 22:23
39f22ce8-60e4-4850-8986-f41db3f3ef7b,goldilocks.gay,available,53.99,53.99,high,low,10,name.com,,,20/09/2026 17:03
93751aab-0ccd-4150-bf10-c7892e715229,lucille.gay,premium,103.7,103.7,high,low,7,spaceship,,,28/09/2026 21:59
46ead26a-7e5d-48e9-a66b-0b2a245c09b8,video.gay,premium,2660,2660,high,medium,5,namesilo,,,02/10/2026 00:24
b275487b-7c91-4a6b-9ce4-026c55c54864,pleb.gay,available,2.98,50.98,medium,low,4,namecheap,,,08/09/2026 21:04
327efa78-0599-4e83-8703-424c599e6526,attain.gay,available,2.98,50.98,high,low,6,namecheap,,,30/09/2026 10:56
c0bba181-29b9-4646-a476-562a61a2ca93,conical.gay,available,2.98,50.98,high,low,7,namecheap,,,12/08/2026 20:41
d2ef10bb-2cef-446a-9acd-6df852ae1888,maintaining.gay,available,38.99,38.99,high,low,11,namesilo,,,29/09/2026 10:51
e8aa7b0c-1363-4203-a73b-bd573d84bb46,jimi.gay,available,38.99,38.99,medium,low,4,namesilo,,,30/09/2026 05:10
0f11dd63-7cb3-4a2b-bbb5-4a154764d405,scarey.gay,available,2.98,50.98,medium,low,6,namecheap,,,12/08/2026 05:21
0b0940d9-d6fb-4def-9251-2f7f697508e8,colorectal.gay,premium,62.5,62.5,medium,low,10,name.com,,,12/08/2026 17:46
d8c9d92f-e48e-4a67-b980-615bcacbbf2d,preparation.gay,available,38.99,38.99,high,low,11,namesilo,,,28/09/2026 12:30
b8e8d37a-48c1-4f68-a895-2db1b0a9ad4f,believe.gay,available,1.75,31.28,high,low,7,spaceship,,,30/09/2026 13:14
874c02e8-db74-4013-a822-687bf5abd082,maddened.gay,available,2.98,50.98,medium,low,8,namecheap,,,
4bfd1ebb-6cd6-41f1-bc85-eae5da135e8a,vary.gay,available,38.99,38.99,high,low,4,namesilo,,,25/09/2026 21:59
496578fa-59b9-4193-8d54-0fda58d32cfb,viability.gay,available,2,32.32,high,low,9,dynadot,,,02/10/2026 17:04
b13b8e0e-ad7c-4b85-922f-c017dd09584f,opener.gay,available,32.32,32.32,medium,low,6,dynadot,,,28/09/2026 20:02
a6a32ed6-80a8-48b2-8bca-2d6776e6ad06,applying.gay,available,1.75,31.28,medium,low,8,spaceship,,,28/09/2026 17:22
e54c9674-884b-4280-810f-f573404df07a,percussive.gay,available,2.98,50.98,high,low,10,namecheap,,,08/09/2026 16:22
fcb779c0-8601-4d85-b8ae-99354ec6f10f,centroidal.gay,available,2.98,50.98,medium,low,10,namecheap,,,12/08/2026 00:18
598c8ab7-914a-4084-b551-624817a4b9cc,dumbfound.gay,available,38.99,38.99,medium,low,9,namesilo,,,21/09/2026 17:37
6f153476-1258-4890-8e29-c8eb00c4657e,edson.gay,available,38.99,38.99,high,low,5,namesilo,,,30/09/2026 05:36
87674c77-5570-49b9-a704-aae47b964a30,behold.gay,available,32.32,32.32,high,low,6,dynadot,,,28/09/2026 15:34
74bf7a91-9adf-461b-8a45-869cc519a331,hires.gay,available,1.75,31.28,high,low,5,spaceship,,,30/09/2026 05:35
d9950ae1-78dd-4792-9cd0-610e86be9b9b,axletree.gay,available,38.99,38.99,high,low,8,namesilo,,,21/09/2026 10:27
55146f4f-fe83-479c-b04f-b6a8fcb92de9,bellis.gay,available,38.99,38.99,high,low,6,namesilo,,,23/09/2026 06:15
6b012e17-b4b3-4d1f-86ab-91bdf3c01c0d,foes.gay,available,38.99,38.99,low,low,4,namesilo,,,18/09/2026 06:38
8e28a2bc-3b3c-4c42-8534-c853ab73405a,chicken.gay,premium,116,116,high,low,7,namesilo,,,23/09/2026 14:11
e69b3741-2850-4f5b-ba64-a571135e588c,balthazar.gay,available,38.99,38.99,high,low,9,namesilo,,,22/09/2026 00:14
ec3df0d5-ef26-4dea-afbc-f1fb7a85e469,chewable.gay,available,2.98,50.98,medium,low,8,namecheap,,,12/08/2026 04:28
d0923e78-d35a-439e-abdf-dcc26288b6b9,tonic.gay,available,38.99,38.99,high,low,5,namesilo,,,19/09/2026 16:01
debf3427-f750-4b8a-99f1-7f5198065f1a,kathmandu.gay,available,2.06,31.41,medium,low,9,porkbun,,,29/09/2026 06:13
9bfe7a77-ab1b-4d3b-867f-d79bdc734665,teaches.gay,available,1.75,31.28,medium,low,7,spaceship,,,28/09/2026 08:58
41a81aa8-b7cf-4160-9daa-67bcf6455d81,hater.gay,premium,302.5,302.5,medium,low,5,namesilo,,,29/09/2026 22:19
87d8e9eb-d97e-4803-b8a6-6baf3afdf601,objections.gay,available,1.75,31.28,low,low,10,spaceship,,,28/09/2026 13:15
a01eed13-f67f-4994-9fc9-4b8ff132655c,remained.gay,available,38.99,38.99,medium,low,8,namesilo,,,18/09/2026 11:23
b20b04a1-bc22-4153-899e-e925a59d9a47,diss.gay,available,38.99,38.99,medium,low,4,namesilo,,,17/09/2026 14:55
918becf4-79a7-443b-9fa2-795041eb910a,inhalation.gay,available,2.98,50.98,high,low,10,namecheap,,,01/10/2026 18:49
b788d048-c8de-49ba-9881-10f2dd30bdeb,hardship.gay,available,2.98,50.98,high,low,8,namecheap,,,17/09/2026 10:51
faf1beb2-5e18-409b-869c-02d26513a3c1,cloaks.gay,available,53.99,53.99,medium,low,6,name.com,,,17/09/2026 14:28
d19d20c7-44f4-4bc3-aa8c-f09bff488110,windmill.gay,available,38.99,38.99,high,low,9,namesilo,,,17/09/2026 13:01
06a3c84a-013b-4239-ad20-2968e6ea4bc7,cluttered.gay,available,2.98,50.98,medium,low,9,namecheap,,,12/08/2026 13:12
e2884a34-5867-4554-94d3-447cd609e8df,copious.gay,available,2.98,50.98,high,low,7,namecheap,,,13/08/2026 00:28
dab6dc83-47d2-4239-8ce7-e3a480b6d9cc,birth.gay,premium,325,325,high,low,5,namecheap,,,29/09/2026 02:50
1fb8a554-9278-4568-ae17-640097f3c4b4,fogey.gay,available,2.98,50.98,medium,low,5,namecheap,,,18/08/2026 13:10
0e44d127-db4e-4891-b17b-a1ba8e8286e7,spills.gay,available,2.98,50.98,medium,low,6,namecheap,,,02/10/2026 22:44
762404c2-e9eb-4fc0-864b-4e081c66c645,conversely.gay,available,2.98,50.98,medium,low,10,namecheap,,,14/09/2026 08:37
c7df7775-14de-4465-8e1b-994a1b22b0eb,fatima.gay,premium,116,116,high,low,6,namesilo,,,29/09/2026 06:52
2a4ae5d7-7b36-4b1d-9dc3-63b240b35cfe,bionic.gay,available,2.98,50.98,high,low,6,namecheap,,,10/08/2026 02:17
14d19cb0-7c02-4105-a23a-9e8df609af8e,leverage.gay,available,38.99,38.99,high,low,8,namesilo,,,29/09/2026 01:34
bd8271a5-3643-45ef-82f4-a78f5961037f,cecilia.gay,premium,125,125,medium,low,7,name.com,,,26/09/2026 03:37
3b5d0661-80ec-4cd7-8e73-695d2c000ef1,bouffant.gay,available,2.98,50.98,high,low,8,namecheap,,,10/08/2026 21:32
9fa702d0-99ed-494b-855a-3c761a955586,gaffer.gay,available,2.98,50.98,medium,low,6,namecheap,,,
8e04418a-db64-44cf-9b86-74fdb14baafa,cubistic.gay,available,2.98,50.98,medium,low,8,namecheap,,,13/08/2026 10:05
1eff879b-f81e-4689-8d0c-cfc88189800a,alpinism.gay,available,2.98,50.98,medium,low,8,namecheap,,,18/09/2026 14:05
5d3da0f3-39fd-4533-b5f7-5cdb5425df77,piece.gay,available,38.99,38.99,high,low,5,namesilo,,,20/09/2026 09:57
6072565d-bfce-4358-a867-afae9796bf59,yerevan.gay,available,1.75,31.28,medium,low,7,spaceship,,,29/09/2026 11:51
8c45bcc3-e923-4f26-b3d1-a309794faf88,festival.gay,premium,116,116,high,low,8,namesilo,,,19/09/2026 17:31
9e1bf860-b95c-49da-a4d8-148ca4af872d,taleteller.gay,available,2.98,50.98,medium,low,10,namecheap,,,11/09/2026 10:32
51038daa-696c-463a-8d2b-d228a3ad66c1,indoaryan.gay,available,2.98,50.98,medium,low,10,namecheap,,,06/08/2026 23:56
1fb092b6-5088-44f0-a185-5d3e552747da,drizzling.gay,available,2.98,50.98,medium,low,9,namecheap,,,14/08/2026 19:38
b214fb03-5c7c-4fbf-bc88-ab64b818dc16,adrenaline.gay,premium,116,116,high,low,10,namesilo,,,17/09/2026 09:55
73b3532f-b43c-4bbb-93b0-1fef544bbe04,mead.gay,available,38.99,38.99,high,low,4,namesilo,,,30/09/2026 17:28
8db7254c-416f-41b1-a1bb-e07e266740ca,virgil.gay,available,38.99,38.99,high,low,6,namesilo,,,28/09/2026 02:58
373b42af-2cbc-4df4-8fb6-e5af5ff6ffcc,dudley.gay,premium,130,130,medium,low,6,namecheap,,,28/09/2026 12:03
3455a478-9990-4390-9f5f-b06a5af62345,walsall.gay,available,1.75,31.28,medium,low,7,spaceship,,,02/10/2026 20:19
a35dbae9-fe69-4d06-ba01-552ccf1f8d50,angelique.gay,premium,116,116,high,low,9,namesilo,,,19/09/2026 05:58
88ccd636-4684-4a8d-b10b-885803cba3b8,bumpkin.gay,available,2.98,50.98,medium,low,7,namecheap,,,21/08/2026 08:07
10f83bd2-cd2b-4970-b397-1221a472f3e8,restructure.gay,available,2.99,38.99,high,low,11,namesilo,,,01/10/2026 23:46
24ca3ad8-567e-47ac-b427-df9242019d77,reflection.gay,available,2.98,50.98,high,low,10,namecheap,,,25/09/2026 22:24
4d1862c0-a718-4937-8713-e1b1ec94a8bc,ananias.gay,available,2.98,50.98,medium,low,7,namecheap,,,19/09/2026 02:03
2d25ec8b-b160-4dc7-adde-12ca98469980,aitken.gay,available,1.75,31.28,medium,low,6,spaceship,,,29/09/2026 10:35
c60245f6-0df8-455b-b004-89932f85cf2d,subterranean.gay,available,2.98,50.98,high,low,12,namecheap,,,02/10/2026 21:12
acf59e01-7036-46d1-8582-e3ccd52d8088,typhoon.gay,available,38.99,38.99,high,low,7,namesilo,,,29/09/2026 14:05
5c8f0a5b-c394-4648-b6ed-ad23e833d226,pen.gay,premium,227.5,227.5,high,low,3,namecheap,,,27/09/2026 03:22
d76f5175-60ae-4308-8dd8-28afead8d602,remediation.gay,available,1.75,31.28,high,low,11,spaceship,,,30/09/2026 23:39
db83072b-c4d8-46ba-9fd0-4ba0fc718e3a,keep.gay,premium,2660,2660,high,low,4,namesilo,,,29/09/2026 04:03
c8a74b44-d993-4242-a1f9-3a88d9d734c9,anchovy.gay,available,38.99,38.99,high,low,7,namesilo,,,19/09/2026 03:46
9c813c10-7798-49b7-b8be-1eea30cd76e8,bouncy.gay,available,38.99,38.99,high,low,6,namesilo,,,23/09/2026 01:24
2c3b66a5-aa7c-4bf7-8efc-96e1dc011163,coltsfoot.gay,available,38.99,38.99,medium,low,9,namesilo,,,23/09/2026 01:58
7e59d308-c535-403d-95f1-4fb497691fd1,sentential.gay,available,2.98,50.98,medium,low,10,namecheap,,,10/09/2026 03:50
46088b78-cfd4-4535-8f6b-a511945b93c4,resistance.gay,available,2.98,50.98,high,low,10,namecheap,,,12/09/2026 07:26
4f7c15c6-63b6-4b01-89a5-561e56443119,panipat.gay,available,38.99,38.99,medium,low,7,namesilo,,,22/09/2026 15:36
0c568f50-4706-4ab4-899b-bc179c346696,fleeting.gay,available,2.98,50.98,high,low,8,namecheap,,,18/08/2026 07:51
ed6af4bb-7070-480e-92be-fbdc3cfd72b2,romances.gay,available,2.99,38.99,medium,low,8,namesilo,,,02/10/2026 03:39
fe9f9b28-5f1c-4e8a-8edf-6fcd7b9bff2f,legend.gay,premium,302.5,302.5,high,low,6,namesilo,,,30/09/2026 02:45
9cf37262-558e-479a-b0c7-5914207949c6,lau.gay,premium,224,224,medium,low,3,namesilo,,,28/09/2026 07:25
af033f5c-e933-4505-8b31-715a9550515c,jpl.gay,premium,181.33,181.33,medium,low,3,spaceship,,,01/10/2026 07:58
caf7936b-6f58-43a5-8fb6-02045773bcd4,wrong.gay,available,2.98,50.98,high,low,5,namecheap,,,25/09/2026 07:41
ffe625ae-dba1-4a9c-b0d2-6b1d20342c15,employers.gay,available,38.99,38.99,medium,low,9,namesilo,,,30/09/2026 06:06
511b70c1-aa6e-466c-a1b1-c859104b6b5c,utopian.gay,available,2.98,50.98,high,low,7,namecheap,,,13/09/2026 00:12
dc3ffdd7-0ba1-4cd8-b325-438dabed0547,caltech.gay,premium,2070.2,2070.2,high,low,7,spaceship,,,30/09/2026 20:50
24866f44-e83c-4076-b4a4-3fdb9a2f139c,oxford.gay,premium,302.5,302.5,high,low,6,namesilo,,,30/09/2026 06:19
2d1fea80-25bd-46be-9cca-5dc446b52af8,bill.gay,premium,302.5,302.5,high,low,4,namesilo,,,19/09/2026 17:00
d912dcb4-71a8-42ac-ab1f-9f79c1748514,symbol.gay,premium,130,130,high,low,6,namecheap,,,02/10/2026 11:58
c4e17d92-8a01-4f8c-9881-046c2bd0ff91,factors.gay,available,1.75,31.28,medium,low,7,spaceship,,,29/09/2026 10:49
d3bbb44d-36c0-431a-97ae-70a6dd7cd57f,alright.gay,available,38.99,38.99,high,low,7,namesilo,,,22/09/2026 01:15
8e210390-cd4c-4e9e-8c8b-a7ef7a75d7ab,steward.gay,premium,130,130,high,low,7,namecheap,,,28/09/2026 18:50
efc060c7-9d34-4683-8743-1c82a57f288d,defaults.gay,available,38.99,38.99,low,low,8,namesilo,,,21/09/2026 07:23
8eb87c80-c834-478a-880d-71cae4836b14,medial.gay,available,2.98,50.98,high,low,6,namecheap,,,24/08/2026 18:51
799c26bc-e2ea-476f-ac56-b860516b9199,swell.gay,available,2.98,50.98,high,low,5,namecheap,,,08/08/2026 12:50
62827383-80a3-4753-bfbb-7accc020789a,erosion.gay,available,2.98,50.98,high,low,7,namecheap,,,13/09/2026 09:06
d892198d-5a2d-435f-be6a-a7c0155a6cb6,coverage.gay,available,1.75,31.28,high,low,8,spaceship,,,29/09/2026 11:52
fb43c829-ed2d-4148-add9-71f84b3a0def,lockbox.gay,available,2.98,50.98,high,low,7,namecheap,,,29/09/2026 14:03
e97a5b56-c812-4efd-ab5e-4e887f30eda2,keyboards.gay,available,38.99,38.99,medium,low,9,namesilo,,,20/09/2026 13:46
e6fe3b93-0829-4396-9edb-81751a98b15f,rushes.gay,available,38.99,38.99,high,low,6,namesilo,,,30/09/2026 06:26
f2604f30-fc3b-4600-8452-9e65f4d39ca5,policies.gay,premium,53.92,53.92,medium,low,8,namesilo,,,04/09/2026 07:55
65569a47-8720-4e1e-940c-7018cc6dd9ab,persecution.gay,available,2.98,50.98,medium,low,11,namecheap,,,29/09/2026 16:24
a5fe65b1-963f-4243-88e9-677fb1d24bea,exception.gay,available,1.75,31.28,high,low,9,spaceship,,,29/09/2026 18:20
b3224fa0-022d-4ef1-b495-a6d3b7b88894,necessarily.gay,available,38.99,38.99,medium,low,11,namesilo,,,01/10/2026 01:47
fa6abec7-d618-44a7-ab86-dd4f76798392,wallpaper.gay,premium,275,275,high,low,9,dynadot,,,29/09/2026 08:18
5b67cc25-3d0c-415f-96be-57e3f5e95da7,attached.gay,available,2.98,50.98,high,low,8,namecheap,,,
bda41cf8-e68d-4970-a50e-ba5688305e88,trademark.gay,premium,103.7,103.7,high,low,9,spaceship,,,29/09/2026 01:13
a43e0450-11be-4a64-9300-0a032c15a5d8,flattery.gay,available,2.99,38.99,medium,low,8,namesilo,,,02/10/2026 04:53
d459d3db-06bd-4e35-a690-ded43685e400,daredevil.gay,available,53.99,53.99,high,low,9,name.com,,,13/08/2026 17:43
428d7733-a59f-4072-ab4a-11b0aefe6979,coffeemakers.gay,available,38.99,38.99,medium,low,12,namesilo,,,21/09/2026 01:27
8fb2e069-feeb-4320-97ff-f574c63a6102,vacantly.gay,available,38.99,38.99,low,low,8,namesilo,,,16/09/2026 10:32
66385f3e-a9a0-43c6-8e6e-9c652569b97a,capture.gay,available,38.99,38.99,high,low,7,namesilo,,,24/09/2026 12:42
b89ad7fa-6431-4534-98c4-fe8b7940b442,scant.gay,available,2.98,50.98,medium,low,5,namecheap,,,09/09/2026 22:36
4705ba23-5800-4678-b1d7-7c6df75b0826,mimicry.gay,available,2.98,50.98,medium,low,7,namecheap,,,19/09/2026 16:43
bf9b9a9d-6b33-42fd-90a4-befb5273c1b6,medals.gay,available,1.75,31.28,high,low,6,spaceship,,,02/10/2026 19:17
70c14444-5da0-4ffa-b94f-1a27d16bf09f,legible.gay,available,2.98,50.98,high,low,7,namecheap,,,22/08/2026 22:59
8be27cb8-5241-4190-94c3-21dbf421533f,aeration.gay,available,38.99,38.99,medium,low,8,namesilo,,,17/09/2026 12:46
c800f96e-5d6a-4c03-860c-71aef4aa72c7,agonus.gay,available,2.98,50.98,medium,low,6,namecheap,,,17/09/2026 18:59
83af54bc-b462-4031-a4ef-5eef414a06cb,begins.gay,available,38.99,38.99,medium,low,6,namesilo,,,25/09/2026 20:45
ee585627-6ec3-48d8-a845-21e854fbb377,comb.gay,available,2.98,50.98,high,low,4,namecheap,,,24/09/2026 16:22
669ee9bc-925e-45af-8d57-a3b55041d8d9,alalia.gay,available,38.99,38.99,medium,low,6,namesilo,,,18/09/2026 01:40
54197943-ca31-4851-9357-4e47d402aca4,edited.gay,available,2.98,50.98,high,low,6,namecheap,,,15/08/2026 11:05
01295e91-f09c-4966-9e48-24985070b151,quart.gay,available,1.75,31.28,medium,low,5,spaceship,,,03/10/2026 00:31
583b5742-daf0-46b4-9ed8-f7aa29301a7d,transmission.gay,available,38.99,38.99,high,low,12,namesilo,,,27/09/2026 08:37
d4d69e71-8ab5-47d9-bdf5-9229b63458d7,carbon.gay,available,38.99,38.99,high,medium,6,namesilo,,,20/09/2026 23:21
39636b01-fa20-401f-a68a-ce5798265123,loan.gay,premium,2660,2660,high,low,4,namesilo,,,25/09/2026 09:02
a4abe5af-3bdf-446d-8122-1f0b247416c5,confess.gay,available,32.32,32.32,high,low,7,dynadot,,,30/09/2026 17:40
c70bff6a-d119-4173-a8f4-eb0e3d11fde7,verbose.gay,available,2.98,50.98,medium,low,7,namecheap,,,24/08/2026 09:27
397ef45c-fcad-4e9a-9256-21e184486504,nonprofit.gay,premium,832,832,medium,low,9,namesilo,,,02/10/2026 11:43
5b1b25c7-e644-4fc2-af05-e8d4e8238f6b,hoax.gay,available,2.98,50.98,high,low,4,namecheap,,,30/09/2026 01:25
60dab743-7043-46cb-9101-90c6066246a6,clunk.gay,available,2.98,50.98,medium,low,5,namecheap,,,11/09/2026 15:10
6a595855-2479-4feb-8cb7-160c6b46377a,sterilization.gay,available,38.99,38.99,high,low,13,namesilo,,,16/09/2026 21:54
7b3505fc-8a2d-4485-8966-1450b9e2e724,allied.gay,available,38.99,38.99,high,low,6,namesilo,,,22/09/2026 01:28
a65153ea-3581-4e27-80d2-809c0f0b05a7,rodriguez.gay,premium,2660,2660,high,low,9,namesilo,,,28/09/2026 22:21
63b9513d-b941-4079-acda-39a7fb2d84d9,zhang.gay,premium,116,116,high,low,5,namesilo,,,25/09/2026 15:58
b6ef4b63-a522-4980-b398-ce5bfdcaf6fa,closing.gay,available,2.98,50.98,high,low,7,namecheap,,,08/09/2026 06:59
e6e60b42-0755-4fe4-bf2e-435f3cf8f62c,kirk.gay,premium,130,130,high,low,4,namecheap,,,25/09/2026 08:51
dc6320cb-ddf3-421e-898d-e6cc6fa72d51,prolate.gay,available,2.98,50.98,medium,low,7,namecheap,,,15/08/2026 18:52
f2719c2c-5025-4e14-b71c-0e457b6b3d24,bordered.gay,available,38.99,38.99,medium,low,8,namesilo,,,22/09/2026 23:55
18e8a5c8-ce80-4553-b4cc-772191dea846,lens.gay,available,38.99,38.99,high,high,4,namesilo,,,29/09/2026 12:27
2ca45347-a785-409d-9f98-ab04f2592437,punctual.gay,available,2.98,50.98,high,medium,8,namecheap,,,09/09/2026 05:58
0480248a-8577-4d0c-bd94-cbc773bc08c4,midst.gay,available,2.98,50.98,medium,low,5,namecheap,,,11/09/2026 13:11
29f9eda0-b4a5-4c16-bde7-952025bd3fc8,erfurt.gay,available,38.99,38.99,high,low,6,namesilo,,,30/09/2026 13:16
ab38d307-b47b-4cda-8124-157624e5a3cc,pathogenic.gay,available,2.98,50.98,medium,low,10,namecheap,,,22/08/2026 04:17
bc392abe-e945-4129-927d-eafaf2007267,darkish.gay,available,53.99,53.99,medium,low,7,name.com,,,13/08/2026 18:14
12fad2e6-739e-481e-bd23-3a1e3af82264,obeyed.gay,available,2,32.32,medium,low,6,dynadot,,,02/10/2026 22:10
7f243074-fa45-4e2c-9bf0-054b81b337a5,fevered.gay,available,2.98,50.98,medium,low,7,namecheap,,,18/08/2026 03:07
ae6beb40-b3b0-47fd-a757-0c4ff661333a,bahama.gay,available,2.06,31.41,high,low,6,porkbun,,,02/10/2026 07:30
00d0fa32-dbc2-4bb4-82f5-085e00210c0a,inspiring.gay,available,2.98,50.98,high,low,9,namecheap,,,25/09/2026 09:50
c908f943-33c6-48ea-b696-9142b01a519b,galaxies.gay,available,38.99,38.99,high,low,8,namesilo,,,30/09/2026 14:49
fc3b0dc8-c75e-4615-b459-a27a530c344a,lata.gay,available,1.75,31.28,high,low,4,spaceship,,,30/09/2026 12:49
400a82b8-ca03-4e96-85d0-878375daf3be,bellamy.gay,available,1.75,31.28,medium,low,7,spaceship,,,28/09/2026 12:15
74347074-a8db-433d-a07a-7cd2293989bb,shawn.gay,premium,273.44,273.44,high,low,5,porkbun,,,27/09/2026 15:48
a81c78b0-8ae7-42ce-bbe4-e1795e7840db,babushka.gay,available,38.99,38.99,high,low,8,namesilo,,,21/09/2026 12:58
e595f805-7c19-412b-8855-29e5f0ff091a,pompon.gay,available,53.99,53.99,medium,low,6,name.com,,,19/09/2026 09:36
4f13182c-decf-4d67-a1bf-28d1be7743cf,hiatus.gay,available,38.99,38.99,high,low,6,namesilo,,,16/09/2026 14:09
812ac5bd-0b83-4cfb-b5dc-2a78dd35cf00,anz.gay,premium,181.33,181.33,high,medium,3,spaceship,,,02/10/2026 20:34
fc8cc910-89ec-4006-9243-c116b8a9e390,vologda.gay,available,1.75,31.28,medium,low,7,spaceship,,,30/09/2026 21:26
9ce3f311-9308-4160-ae60-1ef7bf5560a4,subsidiary.gay,available,2.98,50.98,high,low,10,namecheap,,,02/10/2026 12:25
e9101eb7-d46a-48a2-92c4-31a1bc9e6a2c,bissau.gay,available,38.99,38.99,medium,low,6,namesilo,,,23/09/2026 22:06
3e6611c5-d069-47de-8a3e-6abec1a24a33,significant.gay,available,2.06,31.41,high,low,11,porkbun,,,01/10/2026 01:29
85542672-4e1b-4048-99ec-74c48566e6f3,oxidative.gay,available,2.98,50.98,medium,low,9,namecheap,,,04/09/2026 22:23
013fbb32-3145-4381-ad78-44bf6fb411f5,fillmore.gay,available,2.99,38.99,medium,low,8,namesilo,,,03/10/2026 00:44
f35414e0-9145-44bf-bb62-263358a4ab8f,waters.gay,premium,110,110,high,low,6,dynadot,,,28/09/2026 21:01
a4cb268e-cd6d-4fbf-9ad5-68a0eefc8c7d,metal.gay,available,2.98,50.98,high,low,5,namecheap,,,25/09/2026 19:55
4735638a-befc-422d-a5ac-e23d6d37b266,cui.gay,available,38.99,38.99,high,low,3,namesilo,,,29/09/2026 15:08
b49922b8-68a1-48ef-bee4-ac41d2dd5ba6,skeptical.gay,available,2.98,50.98,medium,low,9,namecheap,,,14/08/2026 09:34
7d816ba1-f921-4073-8adc-96dbe3ac7bfd,barkley.gay,available,38.99,38.99,high,low,7,namesilo,,,18/09/2026 02:32
13ea30c6-1c9d-4854-b702-b443e02c2fe7,aesthete.gay,available,38.99,38.99,medium,low,8,namesilo,,,17/09/2026 13:35
b02ac0e0-d982-42f9-a3e4-b6b0dc314f51,lusitania.gay,available,1.75,31.28,high,low,9,spaceship,,,02/10/2026 16:04
4a58b009-3d86-45cb-9e7f-b57d1e954f72,kanawha.gay,available,38.99,38.99,medium,low,7,namesilo,,,29/09/2026 01:29
678aa058-c2b3-429b-89cd-fbb3459aa401,exhaustion.gay,available,38.99,38.99,medium,low,10,namesilo,,,29/09/2026 13:24
b0637fa9-e1c8-419e-ab19-8633a198350a,undress.gay,premium,302.5,302.5,high,low,7,namesilo,,,02/10/2026 06:36
418bc093-255d-4de5-b1f4-bd5743ce3534,keenness.gay,available,38.99,38.99,high,low,8,namesilo,,,21/09/2026 09:30
2689e474-4dc7-40c8-bc54-29d0fa088a0b,faceless.gay,available,2.98,50.98,high,low,8,namecheap,,,17/08/2026 20:22
dfebec35-7f48-463c-9ae4-b8b70897854e,norah.gay,premium,110,110,high,low,5,dynadot,,,01/10/2026 08:13
121a3fab-dfb4-4cbf-8f1f-29901cd8603c,powers.gay,premium,116,116,high,low,6,namesilo,,,02/10/2026 09:16
107a75a6-281b-4b5f-ade8-4c6d6e82e561,asl.gay,premium,224,224,high,low,3,namesilo,,,18/09/2026 20:39
8a15be3f-3275-47e6-9759-f4b9959b4fbf,tart.gay,available,53.99,53.99,medium,low,4,name.com,,,13/08/2026 14:25
4dc6e525-db66-43e9-aee7-eda5a9ade39e,masculinity.gay,available,2.99,38.99,high,low,11,namesilo,,,02/10/2026 01:23
f374ea41-0bfa-4b36-abec-ce25341fc486,ingenious.gay,available,2.98,50.98,high,low,9,namecheap,,,22/08/2026 04:52
9bf970cb-3526-41f2-98e8-325aebb0693b,guideline.gay,premium,55,55,high,low,9,dynadot,,,02/10/2026 05:07
fd12365a-0416-47b9-954f-53dd8c9aeecc,valuator.gay,available,38.99,38.99,medium,low,8,namesilo,,,19/09/2026 22:13
e9913a3b-14e4-4e77-af6b-26eb5cdc98e1,sesame.gay,available,2.98,50.98,high,low,6,namecheap,,,23/09/2026 08:27
3e3dea00-ae99-4278-a0fe-226bb4d7281b,vivien.gay,premium,110,110,high,low,6,dynadot,,,02/10/2026 08:54
e21a99a2-c6bf-4ee5-b057-12fe6f5cfbb2,lactose.gay,premium,51.95,51.95,high,low,7,spaceship,,,03/10/2026 01:26
223bf7fc-f179-4c2d-bb42-20ae141182f9,mtn.gay,premium,192.5,192.5,high,medium,3,dynadot,,,01/10/2026 07:21
7f326690-e76d-48f2-8938-225e838ba658,thermionic.gay,available,2.98,50.98,medium,low,10,namecheap,,,11/09/2026 12:56
9387b30a-3b1f-4b74-a2b0-a7092e2c1598,wordy.gay,available,2.98,50.98,medium,low,5,namecheap,,,24/08/2026 09:32
cb7cf3a4-4a18-409f-b275-7b8d42045cbc,pest.gay,available,1.75,31.28,medium,low,4,spaceship,,,28/09/2026 18:26
9a48ce6d-a6b0-41fb-8495-4712c1434a03,charities.gay,premium,715,715,medium,low,9,dynadot,,,30/09/2026 06:10
9128031a-94ec-46c9-975c-390ddf9a06a3,rotten.gay,available,38.99,38.99,high,low,6,namesilo,,,24/09/2026 01:35
b174c48e-9d2b-4a75-afd7-bfbb64952384,stationed.gay,available,1.75,31.28,medium,low,9,spaceship,,,28/09/2026 17:32
c3ee669f-9cf9-4ecb-90c1-ca2dd59d59a4,circulated.gay,available,2.99,38.99,medium,low,10,namesilo,,,02/10/2026 03:37
351310f9-e07d-4544-b782-bf1b84c2dd79,displeasure.gay,available,1.75,31.28,medium,low,11,spaceship,,,01/10/2026 05:24
c9c04d91-389b-419e-b207-8bc6161d5c41,indications.gay,available,1.75,31.28,medium,low,11,spaceship,,,30/09/2026 07:15
52150cc2-dc90-4624-aa72-6d8139f624ca,benignly.gay,available,2.98,50.98,medium,low,8,namecheap,,,13/09/2026 23:51
b354317e-44f1-434e-b90a-57efdcf05287,unrequited.gay,available,2.98,50.98,medium,low,10,namecheap,,,12/09/2026 00:45
0b25add3-2df5-4fd8-84be-84ad2e3b2635,hangover.gay,premium,53.92,53.92,high,low,9,namesilo,,,30/09/2026 01:50
300ef6f6-cc53-4db4-bc80-ab6fe06c46d1,composition.gay,available,38.99,38.99,medium,low,11,namesilo,,,28/09/2026 22:45
982913e9-c9f6-45cc-a4e5-fa1cdb7b1953,jayne.gay,premium,103.7,103.7,high,low,5,spaceship,,,29/09/2026 22:03
4ee757ee-6749-4235-baba-664524497afd,tailored.gay,available,2.98,50.98,medium,low,8,namecheap,,,09/08/2026 17:32
26a8519e-4830-4794-acce-0045db052133,obedience.gay,available,38.99,38.99,high,low,9,namesilo,,,29/09/2026 13:35
acf91398-53a5-4cfc-9391-285c0bf96e90,mustache.gay,resell,,,high,low,8,,,,29/09/2026 19:43
0ff6b86e-4deb-4229-aa89-c0d16fef43cb,colfax.gay,premium,2200,2200,medium,low,6,dynadot,,,30/09/2026 13:56
2a7cd663-52fa-4d61-bdff-7408ef15468f,achievements.gay,available,1.75,31.28,medium,low,12,spaceship,,,30/09/2026 06:58
5780788a-4bf7-4b94-8c7f-7493778a4e43,administrator.gay,available,38.99,38.99,high,low,13,namesilo,,,29/09/2026 14:19
038c67d0-472b-4551-81f3-991e3f3757f0,assessable.gay,available,38.99,38.99,medium,low,10,namesilo,,,07/08/2026 06:04
3cbf2177-29d6-416e-96e1-c1bd9b1a8b38,rudyard.gay,available,1.75,31.28,medium,low,7,spaceship,,,01/10/2026 10:43
85d45e65-3196-43ec-bb7e-ca2e7f2577d3,reacted.gay,available,38.99,38.99,medium,low,7,namesilo,,,20/09/2026 00:48
f7d0c4f6-7863-4601-a669-7e49d52c725c,nomination.gay,available,38.99,38.99,high,low,10,namesilo,,,28/09/2026 14:58
343e91f5-d064-45ed-908d-47c48cbc1a87,claimant.gay,available,38.99,38.99,high,low,8,namesilo,,,24/09/2026 15:11
d6fb6aa8-1311-410a-ba62-0ce0c3a9075b,marines.gay,premium,103.7,103.7,high,low,7,spaceship,,,30/09/2026 03:55
072c237f-8355-4ddd-943e-b945b47d06d4,mellowed.gay,available,2.98,50.98,medium,low,8,namecheap,,,24/08/2026 19:36
88fc75ff-a300-4e5d-8794-b06cb24fd0c4,poverty.gay,premium,51.95,51.95,medium,low,7,spaceship,,,29/09/2026 23:35
796fcc85-65ae-48a6-aa3c-b61d6718bd90,intangible.gay,available,2.98,50.98,high,low,10,namecheap,,,21/08/2026 21:42
98d3561f-58b1-40b5-a123-c5506a7142b3,employ.gay,premium,302.5,302.5,high,low,6,namesilo,,,08/09/2026 13:39
f48563bf-4600-44bc-ae87-bc85867bb454,gsa.gay,premium,224,224,high,low,3,namesilo,,,29/09/2026 07:03
04916f6b-765d-4a32-9585-2f5759bbfc1c,pave.gay,available,1.75,31.28,high,low,4,spaceship,,,03/10/2026 01:45
a6c2ee67-786f-4082-b932-84bcfd23801f,deferent.gay,available,2.98,50.98,medium,low,8,namecheap,,,13/08/2026 23:17
3af7f3eb-c3a4-4bfe-af1e-48ffe1f7eecc,jacksonville.gay,premium,116,116,high,low,12,namesilo,,,30/09/2026 04:53
e0720100-ede1-4da5-ac9d-c1a0e5741626,epidemic.gay,premium,65,65,high,low,8,namecheap,,,24/09/2026 14:35
49175186-5c15-4ffb-9e6e-fa4c424c0b9a,jacobs.gay,premium,2070.2,2070.2,high,low,6,spaceship,,,28/09/2026 20:14
4a40a58c-4b40-4807-92d9-cb7a6a67243b,advantages.gay,available,38.99,38.99,medium,low,10,namesilo,,,17/09/2026 07:07
f053c1c2-6b33-42c0-96fe-129b0f9b896f,wallachia.gay,available,1.75,31.28,medium,low,9,spaceship,,,01/10/2026 23:44
7f94f057-2508-4ea2-b1c5-7d042d7846c1,gestapo.gay,available,1.75,31.28,medium,low,7,spaceship,,,29/09/2026 12:44
7d64c6ee-58af-42cb-9650-6316c6da8f8e,aphrodite.gay,available,2.98,50.98,high,low,9,namecheap,,,19/09/2026 17:15
5263340c-148d-4ed4-a1df-ec34be597ca5,mclain.gay,available,1.75,31.28,medium,low,6,spaceship,,,02/10/2026 20:58
7f51dbeb-65b2-4284-a482-71018f43e1a2,factor.gay,available,32.32,32.32,high,low,6,dynadot,,,29/09/2026 04:30
2eade4b7-2e8c-4a23-b5b2-3c5f8831ee73,mega.gay,premium,302.5,302.5,high,medium,4,namesilo,,,30/09/2026 23:43
305405fd-39a6-4499-bf51-7287427ca5af,empires.gay,available,1.75,31.28,medium,low,7,spaceship,,,01/10/2026 17:53
5ae537f2-2c23-4957-9310-20476d3968f2,ingrid.gay,premium,116,116,medium,low,6,namesilo,,,28/09/2026 16:32
6d8e4078-2825-4c28-99e4-4df72f140384,adaptation.gay,available,38.99,38.99,high,low,10,namesilo,,,17/09/2026 06:27
0509c4f2-7091-472b-8745-643a582fff0c,belting.gay,available,38.99,38.99,high,low,7,namesilo,,,23/09/2026 07:06
bdea3eb1-9b88-4776-b55f-76f00fe41643,sol.gay,premium,302.5,302.5,high,medium,3,namesilo,,,16/09/2026 03:33
37a7d0a3-a12e-4197-b881-3cf156850f26,dented.gay,available,2.98,50.98,medium,low,6,namecheap,,,13/08/2026 09:08
e47ea0f4-a6c8-41c1-810a-d418ef93d6bf,cathodic.gay,available,2.98,50.98,medium,low,8,namecheap,,,11/08/2026 21:56
aa2080bc-444d-4c40-b281-17b69e34d62c,earthworm.gay,available,38.99,38.99,high,low,9,namesilo,,,19/09/2026 06:33
ab595b4f-567b-4a97-bbfb-1213878d2e73,generosity.gay,available,32.32,32.32,high,low,10,dynadot,,,29/09/2026 01:04
56880d8e-2bbc-474c-8747-4e12eb3ed3c1,debonnaire.gay,available,53.99,53.99,medium,low,10,name.com,,,13/08/2026 20:46
fbfef6c9-1d98-4135-be9f-2c1cca241f99,antigua.gay,available,38.99,38.99,high,low,7,namesilo,,,19/09/2026 14:32
b8918417-a3cb-434b-8fa0-3c17cf83ce59,tenanted.gay,available,2.98,50.98,medium,low,8,namecheap,,,11/09/2026 11:09
84fd6cab-50ab-4c5e-bcb7-96af86027214,shoemaker.gay,available,1.75,31.28,medium,low,9,spaceship,,,01/10/2026 19:00
5c5d1cc6-9246-433f-8a4c-816ae30b3b76,succulent.gay,available,2.98,50.98,high,low,9,namecheap,,,11/09/2026 00:58
423be515-3794-4314-801c-1e212c627a8c,researcher.gay,available,1.75,31.28,high,low,10,spaceship,,,01/10/2026 11:13
8b92b85e-5e01-4978-be3e-77cf648eea8a,maxi.gay,premium,125,125,high,low,4,name.com,,,24/08/2026 17:46
d67848c3-3338-4d60-abf8-d31bc476e080,youthfully.gay,available,38.99,38.99,medium,low,10,namesilo,,,16/09/2026 11:49
4d84db6b-5338-4c6f-9e93-d21b6c4822b5,ethyne.gay,available,38.99,38.99,medium,low,6,namesilo,,,17/09/2026 00:23
22db4ef0-79f6-41f6-b57a-147848a2c0ad,auklet.gay,available,2.98,50.98,medium,low,6,namecheap,,,21/09/2026 04:08
6da25420-b8ae-4d91-af23-6582f155220e,minimums.gay,available,38.99,38.99,medium,low,8,namesilo,,,20/09/2026 08:36
6b5e3b7c-27dd-4f66-9a40-187f4fd59f00,openness.gay,available,2.98,50.98,high,low,8,namecheap,,,03/10/2026 01:43
10e1e7e0-f994-421f-929d-00880222fa65,tiled.gay,available,2.98,50.98,medium,low,5,namecheap,,,11/09/2026 15:55
63238902-4fca-4ae8-b52e-6900695eeb70,vedic.gay,available,2.98,50.98,medium,low,5,namecheap,,,13/09/2026 01:37
b86aef7f-fd31-4ef2-a549-aef8abda7921,beguiling.gay,available,38.99,38.99,high,low,9,namesilo,,,22/09/2026 01:38
9ceb816d-897d-4805-901e-ec3863b042ef,insensible.gay,available,2.98,50.98,medium,low,10,namecheap,,,22/08/2026 06:47
5496bb98-3451-48ba-9343-83b2d66e77e4,christie.gay,premium,116,116,high,low,8,namesilo,,,17/09/2026 16:30
5ef85ab7-d0e7-46c3-9a11-cb60a0ea3bb6,nappy.gay,available,2.98,50.98,high,low,5,namecheap,,,18/08/2026 16:10
4c0fff2d-5946-457c-8c2b-5a378b9674ec,did.gay,premium,812.5,,high,low,3,name.com,,,
e543564b-b3a1-4779-bfdc-11099425b8f2,witchcraft.gay,available,38.99,38.99,high,low,10,namesilo,,,28/09/2026 11:06
c918601f-3f2e-4337-9f72-98a6a602079d,antichrist.gay,available,38.99,38.99,medium,low,10,namesilo,,,19/09/2026 14:15
f94ca92c-93d0-4fa0-a3e3-ac02b5f45193,pastures.gay,available,38.99,38.99,medium,low,8,namesilo,,,30/09/2026 07:16
b8361582-5c1d-41ff-9b0d-a93da8cc7b0a,enlarge.gay,premium,302.5,302.5,high,low,7,namesilo,,,15/08/2026 23:49
1adc947d-9550-4517-a39d-d891f12a9a83,tanganyika.gay,available,38.99,38.99,medium,low,10,namesilo,,,29/09/2026 07:27
07d6c5c9-4d5d-4563-844e-5fc341abdd26,neutral.gay,available,38.99,38.99,high,low,7,namesilo,,,21/09/2026 16:07
6b2703aa-76be-4a1d-8101-b77e525ec91a,accentuate.gay,available,2.98,50.98,high,low,10,namecheap,,,16/09/2026 21:56
c58b6ac4-e555-486f-be83-dc9a8998978e,knotty.gay,available,2.98,50.98,medium,low,6,namecheap,,,08/08/2026 08:12
ac183793-e33f-48ec-a673-48965980f254,seething.gay,available,2.98,50.98,medium,low,8,namecheap,,,10/09/2026 01:49
29664dd1-f764-443b-bb4d-087d5e97dce6,deviate.gay,available,2.98,50.98,high,low,7,namecheap,,,
ba0a8883-2bda-464c-82b1-66fb36f060fb,cried.gay,available,38.99,38.99,medium,low,5,namesilo,,,27/09/2026 23:35
61082921-cfb0-4034-a621-9989c0518650,healthcare.gay,premium,2660,2660,high,low,10,namesilo,,,02/10/2026 09:02
8a326fee-e226-46e4-911c-de6e159c04b1,regina.gay,premium,103.7,103.7,high,low,6,spaceship,,,29/09/2026 13:45
99cfd373-4b32-4ff4-93e7-0827b0b3f9b4,supervisory.gay,available,2,32.32,medium,low,11,dynadot,,,02/10/2026 07:35
18498e18-4d4c-401e-abea-daadeb893202,advises.gay,available,2.99,38.99,medium,low,7,namesilo,,,02/10/2026 11:46
72a09bb2-8892-4aaa-8540-b7e692f88f37,acr.gay,premium,181.33,181.33,high,low,3,spaceship,,,02/10/2026 19:10
955ee860-3f6e-4c2e-bc2a-59b759b18762,flushing.gay,available,38.99,38.99,medium,low,8,namesilo,,,29/09/2026 10:01
06d1c0b1-590c-4232-8d67-d6dea2196b16,warehouse.gay,available,38.99,38.99,high,low,9,namesilo,,,27/09/2026 06:03
712184ea-5347-4f5d-9365-3e2df39bb38b,monument.gay,available,2.06,31.41,high,low,8,porkbun,,,28/09/2026 14:54
9d832d94-b820-4898-85f9-b24b44d61a88,porsche.gay,premium,2070.2,2070.2,high,high,7,spaceship,,,28/09/2026 11:39
e1587525-6ba6-4930-a357-d396dc5c4820,high.gay,premium,116,116,high,low,4,namesilo,,,24/09/2026 13:54
f67da420-4bc6-4bc1-ab95-7c9456a172db,infants.gay,premium,53.92,53.92,medium,low,7,namesilo,,,29/09/2026 23:25
1741decd-2a7d-4793-ae3a-dc4833fc0200,zucker.gay,available,1.75,31.28,high,low,6,spaceship,,,02/10/2026 17:19
b9bc4a6d-fa65-4635-83ff-d26dcfde7fe5,leonora.gay,available,1.75,31.28,medium,low,7,spaceship,,,30/09/2026 13:31
dc794b54-0af4-4cef-8d54-5b6264ce88ad,kirov.gay,available,2.98,50.98,medium,low,5,namecheap,,,02/10/2026 00:27
0993aee0-ce26-41e3-a1af-a36fbe457cc3,sbc.gay,premium,181.33,181.33,high,low,3,spaceship,,,30/09/2026 12:42
07f08b0a-2f03-4ed0-8649-c71b3a9478d1,miserable.gay,available,2.98,50.98,high,low,9,namecheap,,,
253fee6a-9a2f-4be8-8cfe-12767021abfd,hitherto.gay,available,2.98,50.98,medium,low,8,namecheap,,,13/09/2026 21:48
946ac6d9-a4aa-4452-85de-3d0ab71a938e,hamid.gay,premium,103.7,103.7,medium,low,5,spaceship,,,28/09/2026 16:11
248da219-b77b-45f1-b1a3-d87a9bed507d,supplement.gay,available,38.99,38.99,high,low,10,namesilo,,,17/09/2026 06:43
66f9a0a6-b137-41e4-b3b5-5f9c4dfa00ef,din.gay,premium,218.75,218.75,medium,low,3,name.com,,,10/08/2026 13:17
053d6369-9ba9-40db-8c34-50a4c818eb27,altair.gay,available,38.99,38.99,medium,low,6,namesilo,,,18/09/2026 14:31
0406edad-e6dc-45c0-9de1-2accbec6bfb7,thundering.gay,available,2.98,50.98,high,low,10,namecheap,,,11/09/2026 15:14
43e75a7e-dcf8-4c9a-9933-42584a54f5c1,offprint.gay,available,2.98,50.98,medium,low,8,namecheap,,,10/09/2026 03:57
486ba525-dc17-4134-98c8-19fdfec5d1de,chanting.gay,available,38.99,38.99,high,low,8,namesilo,,,28/09/2026 18:40
4e9d51dc-9fb3-4d88-8baf-36371a598e89,posthumous.gay,available,2.98,50.98,medium,low,10,namecheap,,,09/09/2026 00:25
eff21ac0-3444-4411-8189-04a2a5cd24d1,willing.gay,premium,116,116,high,low,7,namesilo,,,12/09/2026 05:42
612f9191-0cef-4777-b2bd-4bd1c9893fbf,omitted.gay,available,1.75,31.28,low,low,7,spaceship,,,02/10/2026 21:15
2a02dbf2-cd99-4457-a27e-605013f0096f,applecart.gay,available,2.98,50.98,medium,low,9,namecheap,,,19/09/2026 21:32
87c959e5-f9a4-4353-a085-856a4dbd30bd,levy.gay,premium,,,high,low,4,,,,30/09/2026 02:08
1229af00-4f8b-4d6d-8682-f381fd47f9b5,norse.gay,available,2.98,50.98,high,low,5,namecheap,,,03/09/2026 21:11
ce15e925-41ca-4ca4-bec4-405675279b98,infested.gay,available,1.75,31.28,low,low,8,spaceship,,,02/10/2026 21:56
d2da61af-cbaf-4154-9343-c2b6d6678e8d,brownie.gay,premium,103.7,103.7,high,low,7,spaceship,,,29/09/2026 04:38
3524dd5b-3c81-4ab4-a9e2-92e7008e783f,cheerleader.gay,available,32.32,32.32,high,low,11,dynadot,,,29/09/2026 21:07
0ff5706b-f43a-4682-8fe7-1b27cc0ce24f,instruct.gay,available,1.75,31.28,high,low,8,spaceship,,,30/09/2026 12:49
722e9492-8a63-4ff8-a9bf-a017a34a36e8,partition.gay,available,38.99,38.99,high,low,9,namesilo,,,30/09/2026 10:49
8109dc6b-4bc4-4768-ae0d-517f9763566c,fairish.gay,available,2.98,50.98,medium,low,7,namecheap,,,17/08/2026 21:12
21625e32-2a37-4a9d-9f3f-20e284718e18,transmitting.gay,available,1.75,31.28,medium,low,12,spaceship,,,29/09/2026 10:14
017bddbe-d36b-4efd-8916-9d2ec7a4d0bb,thriving.gay,premium,55,55,high,low,8,dynadot,,,01/10/2026 15:36
4d121f5c-eac0-44e7-ae08-1223820a3ad2,cows.gay,available,38.99,38.99,high,low,4,namesilo,,,29/09/2026 03:44
f6742554-4993-4d16-b1b1-905c2bcf7fd2,incubation.gay,available,2.98,50.98,high,low,10,namecheap,,,11/08/2026 06:10
629f9cd7-ce8a-4254-95ee-9bbaf5c71612,unlocking.gay,available,2.98,50.98,high,low,9,namecheap,,,02/10/2026 01:05
1300ed12-2603-46e4-8de2-d72a20558fdc,hummingbird.gay,available,2.98,50.98,high,low,11,namecheap,,,02/10/2026 07:10
daa1fb05-9558-4f44-84cb-8f1f97a3d626,gatherings.gay,available,32.32,32.32,medium,low,10,dynadot,,,01/10/2026 18:25
5a6eee7f-7ab3-4a0d-8434-9cc066f919f2,mentally.gay,available,2.98,50.98,medium,low,8,namecheap,,,15/09/2026 14:13
6e86ff3f-1ebf-45c0-bd13-c25108464c4f,ore.gay,premium,181.33,181.33,high,low,3,spaceship,,,30/09/2026 02:25
7be3fcb7-b59d-477d-8a11-329dcd1f3bae,innovate.gay,available,1.75,31.28,high,low,8,spaceship,,,29/09/2026 02:37
65cab407-4239-4e81-b861-b620309b8710,afterworld.gay,available,2.98,50.98,medium,low,10,namecheap,,,17/09/2026 15:58
687598b4-0480-4ec8-a90c-ad8873ee28e7,apostasy.gay,available,2.98,50.98,medium,low,8,namecheap,,,19/09/2026 19:16
2efff524-8542-405a-a17a-aa10f91db12b,bighorn.gay,available,38.99,38.99,high,low,7,namesilo,,,23/09/2026 15:10
f4461daa-56a2-4ef7-87c1-56008e1f9533,montauk.gay,available,1.75,31.28,medium,low,7,spaceship,,,01/10/2026 11:07
b56eab05-90c3-4589-a96d-504e82746487,galax.gay,available,38.99,38.99,medium,low,5,namesilo,,,23/09/2026 01:54
e7ecae78-8c60-4c42-b1b1-8c0dbd962853,paroxysmal.gay,available,2.98,50.98,medium,low,10,namecheap,,,08/09/2026 01:54
d0562617-eecf-4d1e-a339-0fb1b904d314,attire.gay,available,38.99,38.99,high,low,6,namesilo,,,21/09/2026 01:52
ee52ca0f-0d22-4a8a-b169-6a6b2832c319,relying.gay,available,38.99,38.99,medium,low,7,namesilo,,,29/09/2026 23:13
07ccdabb-4105-4b1d-b9c8-32cd5e80baba,harrogate.gay,available,2.99,38.99,medium,low,9,namesilo,,,02/10/2026 00:02
a26575fe-462e-4521-a184-b09db81b4f9d,revenant.gay,available,2.98,50.98,high,low,8,namecheap,,,09/09/2026 12:04
53a8b582-8665-4402-94ff-4b89083193da,greeley.gay,premium,55,55,medium,low,7,dynadot,,,28/09/2026 14:21
d04e271e-0739-4ebd-b792-96278aad4dbc,wares.gay,available,1.75,31.28,medium,low,5,spaceship,,,30/09/2026 20:59
e51baa7e-d99d-4f43-8494-62e3a2117ee9,louder.gay,available,1.75,31.28,high,low,6,spaceship,,,28/09/2026 08:31
469010c6-c695-480d-91fe-f35fb07af960,aachen.gay,available,38.99,38.99,medium,low,6,namesilo,,,16/09/2026 13:08
6622e465-738a-4223-8fa8-5a6f5d4f3969,sidearm.gay,available,2.98,50.98,high,medium,7,namecheap,,,10/09/2026 07:44
b3eaca91-7e09-4987-9411-b344118d2687,legrand.gay,available,2.98,50.98,high,medium,7,namecheap,,,02/10/2026 12:05
e7edbd5d-201b-48f3-b5c3-8c559f7e2f74,freedoms.gay,available,32.32,32.32,high,low,8,dynadot,,,30/09/2026 16:22
1d7a0771-a380-4c5c-a028-79511918c2cc,earthen.gay,available,2.98,50.98,high,low,7,namecheap,,,14/08/2026 22:38
8538699e-010b-4c18-bd30-64875c13a9ac,barf.gay,available,2.98,50.98,high,medium,4,namecheap,,,10/09/2026 07:38
45c841fa-4384-4d1b-a495-1ef2ea0d7eca,sidesaddle.gay,available,2.98,50.98,medium,low,10,namecheap,,,16/09/2026 01:43
c7ec839e-3f88-4b8e-9bac-49a94ab8eeb5,moles.gay,premium,53.92,53.92,medium,low,5,namesilo,,,03/10/2026 04:25
51ff3cb2-5d01-46a4-9f7a-384fc3a3850d,compelled.gay,available,2.98,50.98,low,low,9,namecheap,,,28/09/2026 23:06
875ad50b-b73d-4bfc-b1e4-2b9d79db040e,nam.gay,available,1.75,31.28,high,low,3,spaceship,,,28/09/2026 16:26
5e70d634-1236-4202-8e7e-0b979abe2adb,beaumont.gay,premium,53.92,53.92,high,low,8,namesilo,,,22/09/2026 22:14
34131f01-9bd0-4455-ab92-cfd69c530d34,rightly.gay,available,2.98,50.98,high,low,7,namecheap,,,15/09/2026 10:16
91ba8b63-9275-4bc0-9d0c-d7b159666684,harmsworth.gay,available,38.99,38.99,medium,low,10,namesilo,,,18/09/2026 06:27
8f9f536b-a5ef-45bb-9a0c-b8339a9513b6,fresno.gay,premium,,,medium,low,6,,,,30/09/2026 01:42
00cf1a97-b384-47b2-836e-e46e07e460eb,nascent.gay,premium,53.92,53.92,medium,low,7,namesilo,,,03/09/2026 13:35
4bbf033a-420a-452b-8d6d-890fdeb8516e,panoramic.gay,available,2.98,50.98,high,low,9,namecheap,,,22/09/2026 21:06
5a64a0c8-bae9-4100-9b07-ae5d3d5f8db5,buckshee.gay,available,2.98,50.98,medium,low,8,namecheap,,,11/08/2026 07:33
a773fab6-dd52-420f-825e-1eba23c4350f,ivry.gay,available,38.99,38.99,medium,low,4,namesilo,,,22/09/2026 15:16
9f3b292f-2f45-4a35-82fc-25eeae8b7822,bike.gay,premium,302.5,302.5,high,low,4,namesilo,,,08/09/2026 12:23
0bb9cd21-0708-45d9-b424-35bae8d776a9,hallucination.gay,available,1.75,31.28,medium,low,13,spaceship,,,02/10/2026 21:21
ff5b51ff-9b09-4d11-94f1-4eb3e79d4ae8,seizure.gay,premium,53.92,53.92,medium,low,7,namesilo,,,29/09/2026 00:20
757b38f0-122c-4789-9cea-432018d642be,godhead.gay,available,2.98,50.98,medium,low,7,namecheap,,,
3631dc64-f5c1-4688-9849-b4f965b9bc40,mixer.gay,premium,116,116,high,medium,5,namesilo,,,10/09/2026 13:09
419d53cd-503a-47d1-8b57-bf294ded07b9,salesmen.gay,available,1.75,31.28,low,low,8,spaceship,,,02/10/2026 23:19
e61db209-7b57-446d-bf9f-d6a5f800c32c,aires.gay,available,2.98,50.98,medium,low,5,namecheap,,,25/09/2026 21:54
a41dc2a6-a978-4859-b1b5-bab7d0774bdf,honoured.gay,available,38.99,38.99,medium,low,8,namesilo,,,29/09/2026 03:18
d4d339cc-ac9d-4f46-9a9f-bac6c8a9cca4,apposition.gay,available,38.99,38.99,medium,low,10,namesilo,,,19/09/2026 22:03
877ed36a-11d8-48ec-952e-01d6ceb0c1be,pathological.gay,available,1.75,31.28,medium,low,12,spaceship,,,29/09/2026 21:08
836a84e5-be7f-4dd6-baeb-e5cb1120d102,validity.gay,available,1.75,31.28,high,low,8,spaceship,,,30/09/2026 17:33
a9dba517-6862-4991-8fe6-d53908bb23ed,hubbub.gay,available,38.99,38.99,medium,low,6,namesilo,,,24/09/2026 10:52
b6b6c947-2935-4099-9a59-7a2bbe15c723,consultation.gay,available,38.99,38.99,high,low,12,namesilo,,,29/09/2026 22:42
93b41f39-338c-4136-9085-b86b75e32de2,hoar.gay,premium,2500,2500,medium,low,4,name.com,,,20/08/2026 19:18
0b9325fb-2c63-4117-953e-57227f3aca6e,strain.gay,available,38.99,38.99,medium,low,6,namesilo,,,29/09/2026 22:58
20f92a11-ab18-457a-9419-ad460a6c5617,baked.gay,available,,,high,low,5,,,,
32fca6c1-8d46-48b1-9633-9b6dc72bad40,christology.gay,available,2.98,50.98,medium,low,11,namecheap,,,02/10/2026 21:35
74c7048d-6a85-4fbe-b56c-ff2a73f1a4b2,categorical.gay,available,1.75,31.28,high,low,11,spaceship,,,02/10/2026 00:30
b541f5db-a614-4fd3-a3d4-2a86201483d3,booklover.gay,available,38.99,38.99,medium,low,9,namesilo,,,23/09/2026 12:51
f0e4fd15-fbf4-4132-800f-952260432706,tapes.gay,available,38.99,38.99,medium,low,5,namesilo,,,25/09/2026 21:42
5c43349c-c263-4bfb-9ee0-fa8bc66f1fe8,milestone.gay,available,38.99,38.99,high,low,9,namesilo,,,30/09/2026 02:17
c1bc2902-63e5-4ec3-8ad1-c7a0ba58b648,aix.gay,premium,224,224,high,medium,3,namesilo,,,17/09/2026 23:30
67e97e93-5e44-4bdc-bb10-3f839573f432,grim.gay,available,2.98,50.98,medium,low,4,namecheap,,,14/08/2026 11:41
6d014cdc-c90d-4061-974c-0ec53cca4f16,insults.gay,available,32.32,32.32,low,low,7,dynadot,,,29/09/2026 11:09
0ecc4b9b-ace1-441e-b621-29caa2f9bb4c,liaoning.gay,available,38.99,38.99,medium,low,8,namesilo,,,30/09/2026 13:11
df4f9841-137e-4aff-b534-ac81c14030c7,tortoise.gay,available,1.75,31.28,high,low,8,spaceship,,,30/09/2026 18:59
f08841dc-2504-400c-800a-6b9cc346af51,restraint.gay,available,1.75,31.28,medium,low,9,spaceship,,,28/09/2026 18:42
c8ebcef8-80aa-4328-9d04-2c56d70a1700,pledges.gay,available,2.99,38.99,medium,low,7,namesilo,,,02/10/2026 13:24
baa01e4e-4046-4e48-8524-cfb1bd3cd970,hurley.gay,premium,2600,2600,high,medium,6,namecheap,,,28/09/2026 16:08
8a8b98f9-7d32-4979-a825-1cb61815cf65,inducive.gay,available,2.98,50.98,high,low,8,namecheap,,,22/08/2026 03:31
619e2153-01f8-4ff9-b4db-cc9a170387b6,noachian.gay,available,2.98,50.98,medium,low,8,namecheap,,,03/09/2026 17:58
6487cce2-57b1-432b-acd9-93000a499326,sectarian.gay,available,2.98,50.98,medium,low,9,namecheap,,,10/09/2026 01:13
64fa0862-a92e-43bd-af28-4b91727446da,remake.gay,available,1.75,31.28,high,low,6,spaceship,,,30/09/2026 10:58
960ec790-0204-40c6-bfb1-91f84324d94e,luckless.gay,available,2.98,50.98,medium,low,8,namecheap,,,24/08/2026 10:59
bbd12b24-78ce-4e38-9303-fd7934126cbb,senefelder.gay,available,38.99,38.99,medium,low,10,namesilo,,,18/09/2026 13:11
07ccd003-6851-40e5-ac79-c019be315fd7,jackhammer.gay,available,38.99,38.99,high,low,10,namesilo,,,17/09/2026 22:21
47df88e1-09d9-4bcf-b118-6f803dc2e783,emotionally.gay,available,1.75,31.28,high,low,11,spaceship,,,27/09/2026 17:53
acde9937-3329-4480-8441-1682f7e33976,herds.gay,available,2.98,50.98,medium,low,5,namecheap,,,19/09/2026 20:40
65d91e54-4869-4290-918a-ad219703d69d,canty.gay,available,2.98,50.98,medium,low,5,namecheap,,,11/08/2026 17:46
5ae5e2ae-fe2f-4699-b6b9-93d6fb5914d3,aluminum.gay,available,38.99,38.99,high,low,8,namesilo,,,18/09/2026 00:21
257e00ae-a256-4201-9ef4-869abbab77f4,philanthropic.gay,available,38.99,38.99,high,low,13,namesilo,,,01/10/2026 02:22
7d7add9d-40d1-418b-aa9f-e1ab5b1b5340,detestable.gay,available,2.98,50.98,medium,low,10,namecheap,,,
f9ae3207-9fec-4b5f-9f3c-36aad447b306,guile.gay,available,2.98,50.98,medium,low,5,namecheap,,,13/08/2026 10:41
fad011e6-063d-420b-bcc0-4ff34a478781,questioned.gay,available,38.99,38.99,low,low,10,namesilo,,,28/09/2026 08:50
d3c0f937-fad7-42c5-ad8d-f8fdc24f2dff,crapper.gay,available,2.98,50.98,high,medium,7,namecheap,,,09/09/2026 00:52
a9be3d2b-0336-484b-b23f-76368d9770a5,automation.gay,available,2.99,38.99,high,medium,10,namesilo,,,02/10/2026 03:50
f6c7461b-5b26-42f0-ad08-0e19eff29d48,wreath.gay,available,38.99,38.99,high,low,6,namesilo,,,30/09/2026 16:41
f82ff02f-2927-40e0-bd40-d1f35a0e7f8e,cns.gay,available,38.99,38.99,medium,low,3,namesilo,,,28/09/2026 09:21
d9518201-b8ea-4d5e-914e-3259e1534c37,ironlike.gay,available,2.98,50.98,medium,low,8,namecheap,,,22/08/2026 10:10
0b485bbe-5852-46c9-bafa-356eb407da09,forecasting.gay,available,1.75,31.28,high,low,11,spaceship,,,02/10/2026 18:29
78eb495f-a928-4d37-8c5a-4e689e4ed08d,fuddled.gay,available,2.98,50.98,low,low,7,namecheap,,,09/08/2026 15:36
2fd81dbd-355e-43f0-a95b-5861e3f066f9,unnerving.gay,available,2.98,50.98,high,medium,9,namecheap,,,09/09/2026 12:23
476b7c68-bf6c-4456-8fd4-b294ced17bb4,aerobe.gay,available,38.99,38.99,medium,low,6,namesilo,,,17/09/2026 12:54
eb62f73f-103e-443e-809f-6def9e5a4d4f,calabria.gay,available,1.75,31.28,medium,low,8,spaceship,,,29/09/2026 06:11
216dc889-e126-41df-9515-ad3e674c9e3b,floored.gay,available,2.98,50.98,medium,low,7,namecheap,,,18/08/2026 08:49
da3c8eaa-a360-4dd8-a218-eaab9997431a,abed.gay,available,2.98,50.98,medium,low,4,namecheap,,,13/09/2026 16:13
a6670214-c0b1-4be4-8446-9de54d44cebc,askance.gay,available,2.98,50.98,medium,low,7,namecheap,,,07/08/2026 02:56
a6a14746-06c1-4fa1-936c-080e6a16a09a,dewy.gay,available,2.98,50.98,medium,low,4,namecheap,,,09/08/2026 06:51
8267ed2f-4b97-4e21-bda6-defc7ac7fd09,eastbourne.gay,available,2.99,38.99,medium,low,10,namesilo,,,02/10/2026 00:02
0f45e6e9-ca87-4dbc-8f37-daa9881a6eb0,boundaries.gay,available,50.98,,medium,low,10,namecheap,,,
0938c2bf-c4c5-4574-a19a-c82c9e78dc38,deemed.gay,available,38.99,38.99,high,low,6,namesilo,,,29/09/2026 23:04
c3ababb7-e0f8-4aae-b29b-577748f7ec63,nodular.gay,available,2.98,50.98,medium,low,7,namecheap,,,03/09/2026 18:06
b852db60-1a2b-403c-9e93-c888b23e305f,tenacious.gay,available,38.99,38.99,high,low,9,namesilo,,,19/09/2026 16:19
a7828c04-9458-4e56-a830-4d69e97bdf71,chant.gay,available,53.99,53.99,high,low,5,name.com,,,24/09/2026 13:41
dcd34a03-aa48-4c73-88b8-6f4f39d3a686,wellesley.gay,available,38.99,38.99,medium,low,9,namesilo,,,27/09/2026 08:52
e5ea258d-7f2b-4fc1-aaee-5ab53e0086df,arboretum.gay,available,38.99,38.99,medium,low,9,namesilo,,,20/09/2026 00:49
0b89e29f-479d-4a54-a791-be29823b8b70,circulatory.gay,available,2.99,38.99,high,low,11,namesilo,,,03/10/2026 03:21
ff916739-1f65-4d24-9fbd-29f342fa96d3,informative.gay,available,1.75,31.28,high,low,11,spaceship,,,01/10/2026 21:44
49a1c829-6dd7-4d9b-9a01-adfae4aba226,bullitt.gay,available,2.99,38.99,medium,low,7,namesilo,,,02/10/2026 10:47
0ff330fb-3fc3-4f5a-81c2-bf46b66d29e6,postgraduate.gay,available,2.98,50.98,high,low,12,namecheap,,,02/10/2026 17:51
e95e4109-0c9e-499b-b547-3a0eba5d6f62,tottenham.gay,resell,,,medium,low,9,,,,29/09/2026 22:19
cc789da4-1afb-420b-a494-22f4d7e05faf,bouquet.gay,available,38.99,38.99,high,low,7,namesilo,,,24/09/2026 07:35
68a57e33-0ee2-48c2-88e7-786e2e3130cb,manchuria.gay,available,2.99,38.99,medium,low,9,namesilo,,,03/10/2026 01:33
b9b12d5f-c10a-4ea1-bee8-b20cde9749b6,grasp.gay,available,2.98,50.98,high,low,5,namecheap,,,19/09/2026 22:13
671d617e-03b1-43f7-9b83-7d080fdeac85,claudia.gay,premium,116,116,high,low,7,namesilo,,,25/09/2026 13:43
907750b0-219b-4b13-bf46-95c201bd499c,contralto.gay,available,2.98,50.98,medium,low,9,namecheap,,,
e62d336e-b460-49cc-a3e3-5495831481f3,cough.gay,available,2.98,50.98,high,low,5,namecheap,,,24/09/2026 18:37
9b71b0ae-66b3-4ebc-b02e-3d712bad618b,trujillo.gay,premium,103.7,103.7,medium,low,8,spaceship,,,28/09/2026 16:38
2fd69800-abba-4ad2-9d9b-e0faecb9b6b9,rancorous.gay,available,2.98,50.98,high,medium,9,namecheap,,,09/09/2026 10:13
4c273599-3636-4d70-be61-9111d2859311,distributive.gay,available,32.32,32.32,high,low,12,dynadot,,,29/09/2026 21:23
a9e8e1c6-649a-4281-8b84-aa48d2984ac6,genocide.gay,available,1.75,31.28,high,low,8,spaceship,,,30/09/2026 01:43
35130c72-ed60-4d14-aa23-d4086075e4ad,camp.gay,premium,812.5,812.5,high,low,4,name.com,,,11/08/2026 15:47
d772abbf-cd42-4a20-9082-a5249237fd73,galley.gay,available,38.99,38.99,medium,low,6,namesilo,,,01/10/2026 01:14
b6289c95-47f4-4312-b462-0ee4c5164ea3,randolph.gay,premium,116,116,high,low,8,namesilo,,,25/09/2026 14:59
d6669de8-f4e7-47f8-bd2a-0f17d4c0ceef,exceeding.gay,available,2.98,50.98,high,low,9,namecheap,,,17/08/2026 15:59
34089032-b320-467d-821e-cef8216a2b5d,mithraic.gay,available,2.98,50.98,medium,low,8,namecheap,,,25/08/2026 01:58
3715d9d2-70bf-4ac5-bf9c-1d1ef5f2dfbf,trillion.gay,available,2.98,50.98,high,low,8,namecheap,,,11/09/2026 19:49
a47a1884-4324-4369-bdae-6bb1f601a2a2,unauthorized.gay,available,38.99,38.99,medium,low,12,namesilo,,,28/09/2026 22:49
10601f57-8d9d-4937-815f-21d48b4059f4,elf.gay,premium,2660,2660,high,low,3,namesilo,,,28/09/2026 13:59
8ef5a768-3559-460d-9b4a-cc4af06a92d6,harmonised.gay,available,2.98,50.98,high,low,10,namecheap,,,12/08/2026 22:52
675a5bab-8027-4dd3-b5b9-bb24dd4b34dd,presented.gay,available,1.75,31.28,medium,low,9,spaceship,,,28/09/2026 08:35
6d1866e1-0654-45bd-8742-d5988c51d510,chairwoman.gay,available,2.98,50.98,high,low,10,namecheap,,,29/09/2026 07:58
798b5e35-c65d-4941-a332-f324e3402298,defensible.gay,available,2.98,50.98,medium,low,10,namecheap,,,13/08/2026 23:11
bf978f5b-bc8a-4b48-96ad-5c56ef37b93a,blackcap.gay,available,38.99,38.99,medium,low,8,namesilo,,,23/09/2026 23:42
9f9e0f69-140c-4b36-b25f-d8a5de84f76f,newsstand.gay,available,38.99,38.99,medium,low,10,namesilo,,,17/09/2026 05:46
343b7d3d-55d6-4988-a621-a2ebc1996fac,afloat.gay,available,1.75,31.28,high,low,6,spaceship,,,01/10/2026 01:51
f5eede03-1cd0-41df-8324-86bf5a3e1f52,clapping.gay,available,2.98,50.98,high,low,8,namecheap,,,19/09/2026 20:57
e8ac5007-86e9-4bcb-a576-72721c9d3094,neglect.gay,available,38.99,38.99,high,low,7,namesilo,,,29/09/2026 16:14
9b791906-5783-4677-83f8-88b743c44dcc,farce.gay,available,1.75,31.28,high,low,5,spaceship,,,01/10/2026 02:00
3ff4e3e1-4932-4ef7-8d43-677ee1b8021a,demonstrative.gay,available,2.98,50.98,medium,low,13,namecheap,,,03/10/2026 03:10
864ef28c-8935-4985-a1bd-17a373505903,hoover.gay,premium,103.7,103.7,high,low,6,spaceship,,,30/09/2026 17:36
1e67145f-1581-4d7f-a5ae-d2edff32fc07,arundel.gay,available,2.06,31.41,medium,low,7,porkbun,,,28/09/2026 12:04
79294b1c-9767-4956-af78-a8c23344896f,chiapas.gay,available,1.75,31.28,medium,low,7,spaceship,,,29/09/2026 04:08
bd86b7b8-6fc4-4847-b1cc-ad8956b37db1,raion.gay,available,1.75,31.28,high,low,5,spaceship,,,30/09/2026 20:23
2a2f23fa-6c8d-4e1e-bd01-fa1077ea3c52,alcyone.gay,available,2.98,50.98,medium,low,7,namecheap,,,20/08/2026 22:22
549e8f19-f277-45b9-a839-2ad7813859ea,disheveled.gay,available,2.98,50.98,medium,low,10,namecheap,,,14/08/2026 10:56
7addfafd-ffae-4293-9ae4-65101981b60b,teaser.gay,available,38.99,38.99,high,low,6,namesilo,,,19/09/2026 10:50
962e9e58-680f-4adc-ab03-64c37710989c,watts.gay,premium,103.7,103.7,high,medium,5,spaceship,,,29/09/2026 19:22
aefd7845-126a-41a8-858d-bb0f2f4954ba,rocco.gay,premium,116,116,high,low,5,namesilo,,,29/09/2026 09:27
ec7e3242-a34a-4508-ac14-5dedd12702d3,circle.gay,premium,116,116,high,medium,6,namesilo,,,27/09/2026 16:29
2790cb28-916c-4ee4-8c51-8514f2d66668,cohen.gay,premium,130,130,high,low,5,namecheap,,,27/09/2026 03:21
ee671f3a-cea3-4669-923a-1dab439585b6,runner.gay,available,38.99,38.99,high,low,6,namesilo,,,21/09/2026 22:22
9971514e-ea02-40de-8521-ac890b12abda,inconvenience.gay,available,1.75,31.28,medium,low,13,spaceship,,,29/09/2026 02:52
11b94322-a334-4e21-aa07-41543a0e5fa2,lore.gay,available,2.99,38.99,high,medium,4,namesilo,,,02/10/2026 16:02
06a15917-5cb6-4eda-a385-2015e0da9ba5,hain.gay,premium,2600,2600,high,low,4,namecheap,,,02/10/2026 18:26
ce508628-e81f-4e93-8de1-55daa743b3ac,merchant.gay,available,38.99,38.99,high,low,8,namesilo,,,28/09/2026 10:22
ffa9cc0f-a557-489a-a06e-8b841802f350,anopia.gay,available,38.99,38.99,medium,low,6,namesilo,,,19/09/2026 11:39
3c564a07-8189-4de2-98e3-f3f6bebfd82c,atrovent.gay,available,38.99,38.99,medium,low,8,namesilo,,,21/09/2026 01:03
c5aa3984-7d39-4298-948f-47da9b6d8ab6,lenify.gay,available,2.98,50.98,medium,low,6,namecheap,,,18/08/2026 22:02
31fe1b57-e8ef-45e7-bd76-4d3bd2830d2d,ethnologic.gay,available,2.98,50.98,medium,low,10,namecheap,,,17/08/2026 13:51
9c6609eb-144b-47ce-ada7-161214634082,amiability.gay,available,38.99,38.99,high,low,10,namesilo,,,17/09/2026 13:57
5493cae7-f237-4620-94a2-2c60abdc97f4,frown.gay,available,2.99,38.99,high,low,5,namesilo,,,02/10/2026 04:58
550471b4-6879-4d89-983e-8ff3c4b7d7a8,gilded.gay,available,2.98,50.98,high,low,6,namecheap,,,14/08/2026 00:55
5afe2d2c-4d88-4bd9-bd99-7cc258c5c2d0,owlish.gay,available,2.98,50.98,medium,low,6,namecheap,,,04/09/2026 22:14
6d707f24-63ed-43e0-9b0c-2cbc48810d8b,promotions.gay,available,2.98,50.98,high,low,10,namecheap,,,02/10/2026 12:57
cea7c8ec-2f08-4bc8-9b8c-6e1b88d6c817,stippled.gay,available,2.98,50.98,medium,low,8,namecheap,,,14/08/2026 16:36
703eddd5-fcfd-46fc-bb02-590e9077754f,sophistication.gay,available,38.99,38.99,high,low,14,namesilo,,,
234dbf46-9679-4046-8cdc-5d6013f07199,ammoniac.gay,available,2.98,50.98,medium,low,8,namecheap,,,
f0f76413-81a3-4e3c-8900-a4dab2c36967,diptera.gay,available,1.75,31.28,medium,low,7,spaceship,,,30/09/2026 17:00
8a577b61-f386-42ff-bcbe-bdb8ac9bf6c4,housing.gay,premium,302.5,302.5,high,low,7,namesilo,,,24/09/2026 12:13
5ec62e80-08cd-4af1-afe1-3ca82660a17e,coeliac.gay,available,2.98,50.98,medium,low,7,namecheap,,,12/08/2026 15:21
deb4cc32-23e9-4160-8983-0d879722bb7b,tufted.gay,available,2.98,50.98,medium,low,6,namecheap,,,11/08/2026 13:14
535ea0d0-b926-419c-8469-8e3e05f9476e,trio.gay,premium,116,116,high,low,4,namesilo,,,21/09/2026 13:05
91ac4473-c3e6-49a4-b6ca-8a3d5d15d543,anosmic.gay,available,2.98,50.98,medium,low,7,namecheap,,,
12107ed1-f9aa-4acb-8ef3-4b82755ab8a5,posture.gay,available,1.75,31.28,high,low,7,spaceship,,,02/10/2026 12:02
73b945ce-192a-4eb3-b09d-99e72605676c,khan.gay,premium,103.7,103.7,high,low,4,spaceship,,,02/10/2026 23:51
aa5dc21d-3a3d-4dff-af9b-1e6084d27e3a,advance.gay,available,2.98,50.98,high,low,7,namecheap,,,21/09/2026 20:22
78d9dfca-c9f7-4660-9aed-a600ea256f9e,later.gay,available,2.98,50.98,high,low,5,namecheap,,,21/09/2026 22:11
f286a1e7-5885-4804-aafb-61de10976959,paranoia.gay,available,1.75,31.28,high,low,8,spaceship,,,29/09/2026 19:54
0802a27c-64fd-4541-9855-9c16d322eb5d,obnoxious.gay,available,2.98,50.98,medium,low,9,namecheap,,,03/09/2026 23:32
26f3c264-fac2-43f2-96e3-e6d940c774e5,sequester.gay,available,2.98,50.98,medium,low,9,namecheap,,,12/08/2026 21:06
72a36ffe-d724-43ee-bc3f-306c167b6d8b,confidante.gay,available,38.99,38.99,high,low,10,namesilo,,,24/09/2026 17:12
94c0cde9-34eb-4003-947f-da230a9ed706,dances.gay,available,38.99,38.99,high,low,6,namesilo,,,
9d1be0d5-5743-4950-b56f-7116a91e6a91,aau.gay,premium,55,55,high,low,3,dynadot,,,30/09/2026 20:29
705a05f3-0b17-4343-85c1-b7742775f861,inaccurate.gay,available,2.98,50.98,medium,low,10,namecheap,,,22/08/2026 00:09
419beed1-d2d5-4a94-9ccf-971cd2494cbe,augusta.gay,premium,130,130,high,low,7,namecheap,,,21/09/2026 03:54
ce59e5f2-f35e-4285-a914-2fb5067f1e68,bottomless.gay,available,2.98,50.98,high,low,10,namecheap,,,10/08/2026 21:21
de541f0b-7164-4764-8613-23b72725ab27,reluctantly.gay,available,1.75,31.28,medium,low,11,spaceship,,,30/09/2026 11:53
9c7e5aa9-844b-4379-a5e8-6c432c4baa7b,hcl.gay,premium,224,224,medium,low,3,namesilo,,,29/09/2026 17:21
bb9e8446-ab14-46aa-9ba3-d72d67f3a9ce,booming.gay,premium,62.5,62.5,high,low,7,name.com,,,10/08/2026 19:14
b0a812ef-3f7b-47d2-b97b-165123a9bba6,blazon.gay,available,38.99,38.99,high,low,6,namesilo,,,24/09/2026 05:05
5f847086-36a0-41eb-a0d5-58f705ddd101,apocope.gay,available,2.98,50.98,medium,low,7,namecheap,,,19/09/2026 18:11
9ef5b61d-0702-4529-b1c3-8825ef903691,saving.gay,available,1.75,31.28,high,low,6,spaceship,,,27/09/2026 18:08
361e66e0-feef-492d-8319-ed8a049420bf,cauchy.gay,available,38.99,38.99,high,low,6,namesilo,,,30/09/2026 13:33
f0b63192-ac8c-420d-8126-a2e81e6d8252,lesbians.gay,premium,2600,2600,medium,low,8,namecheap,,,29/09/2026 17:48
6daf4f7e-ac0a-4fed-acf8-4e985cfecf96,gypsy.gay,premium,116,116,high,low,5,namesilo,,,10/08/2026 17:21
d4dd1506-2bfe-49f4-b255-ff17efe5eecb,betty.gay,premium,258.95,258.95,high,low,5,spaceship,,,30/09/2026 03:40
99c3348a-793b-4e02-bbe8-f65e3c89b2da,lyrics.gay,premium,116,116,high,low,6,namesilo,,,
2d25c8aa-2fa4-4df0-8aea-8f04e1381db3,imported.gay,available,2.98,50.98,medium,low,8,namecheap,,,21/08/2026 22:48
01aaad1f-9b9e-4a95-a39c-6648556bdea9,peanuts.gay,premium,53.92,53.92,high,low,7,namesilo,,,28/09/2026 02:53
a3ac2334-7a87-433f-b588-326f3779b080,closely.gay,available,38.99,38.99,medium,low,7,namesilo,,,28/09/2026 14:00
ebd4e6e0-c6e3-4034-b4f3-cf5d6acae944,squadron.gay,available,38.99,38.99,high,low,8,namesilo,,,29/09/2026 08:06
82bf22a6-7df6-4e71-9714-bd3d9c024c6c,discriminate.gay,available,1.75,31.28,high,low,12,spaceship,,,01/10/2026 05:36
bc8a2c48-6224-44f5-9770-ab36a4cd133d,apian.gay,available,2.98,50.98,medium,low,5,namecheap,,,05/08/2026 23:47
11972dbc-0dc9-4178-a3ff-b5755f080d32,shavian.gay,available,2.98,50.98,high,medium,7,namecheap,,,10/09/2026 06:09
11a6c2ed-cdaa-4295-a6e2-b1d49255e293,fig.gay,premium,181.33,181.33,high,low,3,spaceship,,,28/09/2026 19:43
5d94f1d0-7b90-4d16-813f-06af5720681f,lovesome.gay,available,2.98,50.98,medium,low,8,namecheap,,,
0d814d25-f4f1-46c5-b024-cefe8af7f88b,deduction.gay,available,2.06,31.41,high,low,9,porkbun,,,30/09/2026 09:21
7601b6e9-d19a-4649-9484-88215fe2070a,footballers.gay,premium,312.5,312.5,medium,low,11,name.com,,,20/09/2026 13:07
6d301652-bb74-4c08-9645-42f25b61de9d,perpendicular.gay,available,2.99,38.99,medium,low,13,namesilo,,,03/10/2026 02:36
71e2bdd7-7cf4-45f2-b05c-4b0f54cdbc1a,gangly.gay,available,2.98,50.98,medium,low,6,namecheap,,,18/08/2026 20:09
155eb015-fc53-4569-9e20-b629c7ae114a,etiologic.gay,available,2.98,50.98,medium,low,9,namecheap,,,
01bc66bf-7e14-4b71-a34b-2045a1576065,blackfish.gay,available,38.99,38.99,medium,low,9,namesilo,,,24/09/2026 01:55
f6170f85-7d77-4a87-98a0-3c11a819b77b,twentieth.gay,available,38.99,38.99,high,low,9,namesilo,,,21/09/2026 12:27
bc4e44e7-6c0e-42fe-a207-96e6a47f7172,voters.gay,premium,53.92,53.92,medium,low,6,namesilo,,,29/09/2026 10:41
f41158b1-7e47-43b3-ad67-b6bcdd460915,anatidae.gay,available,2.98,50.98,medium,low,8,namecheap,,,19/09/2026 03:26
55e96cf3-87dc-494c-bd5f-75b1235a3ea5,fingerless.gay,available,2.98,50.98,medium,low,10,namecheap,,,18/08/2026 04:55
1eb8d8aa-8269-4f0b-be7a-53d1398e1497,heinz.gay,premium,2660,2660,high,low,5,namesilo,,,25/09/2026 07:09
af68cdbc-a9ea-4ca0-9810-1fe5a75e557f,superhero.gay,premium,130,130,high,low,9,namecheap,,,16/09/2026 20:24
0d134822-f86f-4c7e-9a62-65f8129d28ec,unveiled.gay,available,2.98,50.98,high,low,8,namecheap,,,12/09/2026 22:05
e3ba7496-aec4-4e49-8949-47f55d211ef5,cathy.gay,premium,302.5,302.5,high,low,5,namesilo,,,17/09/2026 16:36
f02ea311-3be3-4979-9400-860af44e7ee1,doom.gay,available,38.99,38.99,high,low,4,namesilo,,,24/09/2026 23:34
fff45756-6a8a-4421-905b-e5a1329e553a,homotopy.gay,available,1.75,31.28,medium,low,8,spaceship,,,01/10/2026 01:08
bb7c93cf-958c-4888-b84a-77534bea61ca,neal.gay,premium,258.95,258.95,medium,low,4,spaceship,,,28/09/2026 16:08
61f10f39-16f5-446f-930e-65072887e810,crepuscle.gay,available,2.98,50.98,medium,low,9,namecheap,,,11/09/2026 21:50
b3fd468c-2a23-4569-8eb6-11550c485293,slips.gay,available,38.99,38.99,high,low,5,namesilo,,,17/09/2026 12:24
6627bf8f-2f10-4948-a175-1922f357719f,ytterbium.gay,available,38.99,38.99,medium,low,9,namesilo,,,20/09/2026 23:38
62dacb9a-9af3-4604-b957-bf25f04e90f7,rachael.gay,premium,116,116,high,low,7,namesilo,,,30/09/2026 04:45
93998491-213a-4ff3-84fd-1d0318aa33b3,christy.gay,premium,130,130,high,low,7,namecheap,,,29/09/2026 21:38
7e3b5af0-1019-454d-80fe-c9811655d8f9,recurring.gay,available,2.98,50.98,high,low,9,namecheap,,,09/09/2026 11:58
9febb466-7fa1-4bb5-b2e2-7a200750fdde,stored.gay,available,38.99,38.99,low,low,6,namesilo,,,28/09/2026 17:31
03207969-616a-49e0-9736-7e3a56201727,differ.gay,available,2.98,50.98,high,low,6,namecheap,,,28/09/2026 20:49
d007cb38-8c72-44f6-b825-476942c1ecdc,eyry.gay,available,2.98,50.98,high,low,4,namecheap,,,
5027cb2e-4d10-4fa2-984a-1d3508a30bb2,cadmium.gay,available,2.98,50.98,high,low,7,namecheap,,,11/08/2026 22:59
6d6041bc-6e17-443c-8ebd-4eb6a51ba0be,saves.gay,available,1.75,31.28,medium,low,5,spaceship,,,28/09/2026 09:04
ab9c5fc9-252a-4d5c-a6fb-64f07aa58f7a,dusting.gay,available,2.98,50.98,high,low,7,namecheap,,,02/10/2026 06:55
789b2711-fab5-48e4-bb2f-a7e3b72f4c44,denies.gay,available,38.99,38.99,low,low,6,namesilo,,,29/09/2026 15:56
e27bc4ae-18f2-4f03-a131-15dba0bc0f31,dispensed.gay,available,2.98,50.98,medium,low,9,namecheap,,,14/08/2026 11:54
30a3700c-28ae-439d-bd5b-dc14cde735ed,wakening.gay,available,38.99,38.99,high,low,8,namesilo,,,28/09/2026 23:37
6a93755e-52e8-4099-bc44-57045186049e,republicans.gay,resell,,,high,low,11,,,,30/09/2026 06:30
1c2dd1c8-775d-448d-bc1f-f6d6b20520b5,imperious.gay,available,2.98,50.98,medium,low,9,namecheap,,,21/08/2026 01:26
68fef69d-3e40-4108-9725-9b523622d0e7,yams.gay,available,38.99,38.99,medium,low,4,namesilo,,,19/09/2026 22:19
bf9ef287-3f61-40a9-87ed-116fa21dbda3,hubei.gay,available,32.32,32.32,medium,low,5,dynadot,,,30/09/2026 13:23
4b78a8be-5768-4a95-990a-95934a38e302,chew.gay,available,38.99,38.99,high,low,4,namesilo,,,29/09/2026 08:20
c055ae7c-3905-48b1-83b6-d1f3f08d6336,jong.gay,available,32.32,32.32,medium,low,4,dynadot,,,28/09/2026 14:03
f095294a-04ca-46ab-a79f-dcc647308b74,beroe.gay,available,38.99,38.99,medium,low,5,namesilo,,,23/09/2026 10:02
efe7cfe0-f248-4b7f-96b0-54ab6a8c70d0,stand.gay,premium,103.7,103.7,high,low,5,spaceship,,,29/09/2026 00:58
ba768adb-3b4a-4af8-8113-5ebcf38232e8,severity.gay,available,38.99,38.99,medium,low,8,namesilo,,,20/09/2026 14:57
047650ff-b951-44cf-9cc3-3487c28dc40c,saar.gay,available,1.75,31.28,high,low,4,spaceship,,,30/09/2026 05:11
64f5c5c7-c99b-4750-a020-fbc65da56692,hanna.gay,premium,103.7,103.7,high,low,5,spaceship,,,28/09/2026 07:49
724ce0aa-f81d-497b-9020-41af7dc5e378,postal.gay,available,2.98,50.98,high,low,6,namecheap,,,09/09/2026 00:18
5af6be70-9215-4f3e-9c5f-28f7e9ae2a75,honesty.gay,premium,110,110,high,low,7,dynadot,,,28/09/2026 06:00
ee4b45d1-4ea6-4a01-a141-f189b1f76958,sugarless.gay,available,38.99,38.99,medium,low,9,namesilo,,,19/09/2026 15:11
a9ca4e1a-616a-4eb6-8e44-c889a36b9e3c,yawn.gay,available,1.75,31.28,medium,low,4,spaceship,,,28/09/2026 11:12
682ed264-0830-439a-8b9c-7b88d5552bca,uboat.gay,available,2.98,50.98,medium,low,6,namecheap,,,11/09/2026 00:23
8cffc6a8-b14f-45ae-adb3-5b469c1a433c,turbid.gay,available,2.98,50.98,medium,low,6,namecheap,,,25/08/2026 01:10
10f962a4-bbe3-429c-ad45-41e9d38a7174,reviewer.gay,available,38.99,38.99,high,low,8,namesilo,,,30/09/2026 10:58
741ce923-2ba6-480d-b6bf-8b016c0cecbf,equipping.gay,available,38.99,38.99,high,low,9,namesilo,,,20/09/2026 07:13
db5ca114-693c-4f40-8016-0881c8f6cbfe,philadelphia.gay,premium,110,110,high,low,12,dynadot,,,02/10/2026 08:39
e681d31e-47d9-40dc-b063-c01ffea99691,malt.gay,available,2.98,50.98,high,low,4,namecheap,,,24/08/2026 14:13
3e394850-2f7e-46b7-852e-f736f8215436,inmost.gay,available,2.98,50.98,medium,low,6,namecheap,,,22/08/2026 05:51
26d512a5-df8b-4cb4-a183-4dec786bdaef,exhilarating.gay,available,1.75,31.28,high,low,12,spaceship,,,02/10/2026 18:08
5fa9e938-7659-4b92-8c03-b578460393cd,yellowish.gay,available,2.98,50.98,high,low,9,namecheap,,,13/09/2026 13:59
b289f149-3177-42f6-af2d-88443e98045c,garrett.gay,premium,116,116,high,low,7,namesilo,,,25/09/2026 14:29
00afb2d5-5b8c-4fbe-aac7-7264f0af853d,teen.gay,premium,2600,2600,high,low,4,namecheap,,,21/09/2026 19:11
b834b468-6f02-42d2-bb5a-10ed7c131f0c,expressly.gay,available,2.98,50.98,medium,low,9,namecheap,,,14/09/2026 17:09
5fe59af6-a03d-424d-8142-549343b3b425,sparked.gay,available,1.75,31.28,high,low,7,spaceship,,,30/09/2026 04:13
b334874f-62ec-4edb-b9fc-9a6a14a49b2f,made.gay,premium,832,832,high,medium,4,namesilo,,,25/09/2026 16:01
a4497268-42bd-4bf3-983a-858f460fa271,snappish.gay,available,2.98,50.98,high,medium,8,namecheap,,,10/09/2026 12:18
d453ade4-55ef-4f37-b383-7cbda1cdf308,idyl.gay,available,2.98,50.98,high,low,4,namecheap,,,08/09/2026 10:13
e15454c2-d478-4fba-8d13-e0d2024cc74a,snoek.gay,available,38.99,38.99,medium,low,5,namesilo,,,22/09/2026 07:53
2e363f1c-4479-4b1b-81be-a8048786a095,sheetlike.gay,available,2.98,50.98,high,medium,9,namecheap,,,10/09/2026 06:21
008bd9fa-fb65-4357-ba6a-d3eb22fe14c2,blok.gay,available,38.99,38.99,high,low,4,namesilo,,,18/09/2026 05:01
c8ba6b16-82eb-455d-bd41-c26b463f1639,chore.gay,available,1.75,31.28,high,low,5,spaceship,,,29/09/2026 09:00
dccf1b0d-e077-4993-98df-e7f124456e41,cocoon.gay,available,1.75,31.28,high,low,6,spaceship,,,02/10/2026 14:41
dccb4c25-c022-4765-add2-9ba3662d5fec,mauve.gay,available,2.98,50.98,high,low,5,namecheap,,,24/08/2026 17:37
d4a09fff-d551-4340-a3f8-c3ace7bc3d20,refunds.gay,available,2.98,50.98,medium,low,7,namecheap,,,20/09/2026 14:13
a5b809b5-cb50-424d-b2f5-8221a5096562,perhaps.gay,available,38.99,38.99,high,low,7,namesilo,,,28/09/2026 16:16
227ca982-2543-45ec-af6b-35cf7f0e5cd7,disregard.gay,available,2.98,50.98,high,medium,9,namecheap,,,10/09/2026 12:49
93b0e805-09a0-451d-80e8-d5072b81ea36,bondholders.gay,available,1.75,31.28,medium,low,11,spaceship,,,30/09/2026 16:25
c1e299eb-64cf-4ab4-807a-a742e0ab6449,spanish.gay,premium,302.5,302.5,high,low,7,namesilo,,,28/09/2026 00:05
c7af3a21-2291-4157-abd0-8bf1b2f6a04f,restart.gay,available,38.99,38.99,high,low,7,namesilo,,,30/09/2026 02:42
3346d377-fa71-4077-b972-a9cd0e75af51,pink.gay,premium,2660,2660,high,low,4,namesilo,,,27/09/2026 03:47
071ad8d1-1cca-4e78-b0b3-26a5d70ecaaf,umi.gay,premium,224,224,medium,low,3,namesilo,,,01/10/2026 17:12
6ab0fda0-68ef-441b-bbe1-93e49c609734,merging.gay,available,2.98,50.98,high,low,7,namecheap,,,24/08/2026 20:43
4e75315f-edcd-4489-a905-0e2834ce3029,able.gay,available,38.99,38.99,high,low,4,namesilo,,,21/09/2026 13:57
af2982ca-ef2a-44bc-a55f-33fb4f2d7c82,yesteryear.gay,available,2.98,50.98,high,low,10,namecheap,,,08/09/2026 10:02
e2a9f871-6cb4-4c1c-bcf8-76fc8f257fb2,junoesque.gay,available,2.98,50.98,medium,low,9,namecheap,,,22/08/2026 14:31
d1aebb8a-9fbc-4733-a2c2-3978614503e8,shaykh.gay,available,38.99,38.99,high,low,6,namesilo,,,30/09/2026 21:57
0583e5e0-1ab3-447e-a25d-bbb78844b5b4,mie.gay,premium,181.33,181.33,medium,low,3,spaceship,,,30/09/2026 13:22
fa5dc390-9270-4605-8ef3-8282b76e8a29,explicable.gay,available,2.98,50.98,medium,low,10,namecheap,,,17/08/2026 18:23
33e0874a-8a21-4c78-af52-e3d2d0ce96f5,elaborate.gay,available,38.99,38.99,high,low,9,namesilo,,,24/09/2026 07:12
a0dcead5-1eff-4041-8123-845fc1aa7b25,dissent.gay,available,38.99,38.99,high,low,7,namesilo,,,29/09/2026 16:15
c61d23ab-8ca7-4b3e-a9a4-fc4a07455df2,geographical.gay,available,1.75,31.28,high,low,12,spaceship,,,29/09/2026 21:14
b65a2224-cea7-424e-b400-aca53d7cafc8,priestly.gay,available,2.98,50.98,medium,low,8,namecheap,,,21/08/2026 08:22
d0b11191-a30f-436f-b101-4de9ddd1ecc9,ascus.gay,available,2.98,50.98,medium,low,5,namecheap,,,20/09/2026 13:28
9f825965-9653-42ca-956a-8e354829ccbf,clef.gay,available,38.99,38.99,high,low,4,namesilo,,,24/09/2026 15:30
d551e400-4cab-4550-a4e9-f346ca4e10b3,gnarly.gay,available,2.98,50.98,medium,low,6,namecheap,,,20/08/2026 15:38
cc680c64-f5de-49ac-9c73-58e01bb7ab55,faked.gay,available,2.99,38.99,low,low,5,namesilo,,,02/10/2026 02:18
40bb11e2-85d9-4a5b-8ba9-b64873c7d1fe,satisfaction.gay,available,38.99,38.99,high,low,12,namesilo,,,28/09/2026 04:23
5df4c82f-a41c-44e2-bc3d-68358209518f,storrs.gay,available,1.75,31.28,medium,low,6,spaceship,,,30/09/2026 22:16
40414dee-f00b-4878-b55c-87947c13a993,psu.gay,available,1.75,31.28,high,low,3,spaceship,,,02/10/2026 07:40
85a24f33-b8d8-4964-a653-949006319997,clop.gay,available,2.98,50.98,medium,low,4,namecheap,,,15/09/2026 20:47
cae2cebb-7ce0-460e-bff9-c0db6f493618,selflessly.gay,available,2.98,50.98,high,low,10,namecheap,,,13/09/2026 19:23
f45110d7-739f-4708-a5a1-21de02823533,mandarin.gay,available,2.98,50.98,high,low,8,namecheap,,,23/09/2026 04:17
40b937f2-df61-4ea3-8f78-c6b151f2580b,idealistic.gay,available,2.98,50.98,high,low,10,namecheap,,,17/08/2026 15:48
80eb6b5c-0a19-4274-87dd-60897525d126,logrolling.gay,available,2.98,50.98,high,low,10,namecheap,,,23/09/2026 20:50
40f1eb63-f5dd-492f-b1c3-2c3c184104a5,silicon.gay,premium,302.5,302.5,high,low,7,namesilo,,,20/09/2026 22:24
ebe19fcd-0c87-4fc3-8cd2-1f9f83a2b68d,florentine.gay,available,2.98,50.98,high,low,10,namecheap,,,18/08/2026 08:58
bb7ebeda-d08f-4da5-94cf-1fd634547609,ssb.gay,available,2,32.32,high,low,3,dynadot,,,03/10/2026 04:45
b575664b-6459-464b-8df0-320624971016,saif.gay,premium,109.69,109.69,high,low,4,porkbun,,,01/10/2026 23:18
a0373482-c7d7-4671-90dc-486c22e506d7,tiger.gay,premium,302.5,302.5,high,medium,5,namesilo,,,25/09/2026 09:46
a110c8ca-3ad0-4ba0-b2ae-d6853648f078,inhabitants.gay,available,38.99,38.99,medium,low,11,namesilo,,,29/09/2026 23:30
ce116d43-1812-49e3-acf0-f9d00d3da65a,harbin.gay,premium,110,110,medium,low,6,dynadot,,,29/09/2026 22:05
e965de2a-4c90-4638-9c3d-b7b90c17e159,repay.gay,available,38.99,38.99,high,low,5,namesilo,,,28/09/2026 06:39
bcc82c28-89e8-4a8c-9d55-da5a58999439,tales.gay,available,38.99,38.99,high,low,5,namesilo,,,18/09/2026 16:46
f5c1be32-fc54-4ec5-82d3-d263edb0063b,terminals.gay,available,2.98,50.98,medium,low,10,namecheap,,,02/10/2026 03:04
f083d8c0-7372-4e78-a011-d9b15ade55a4,untold.gay,available,2.98,50.98,high,low,6,namecheap,,,12/09/2026 21:37
23474573-a368-4fb2-8862-3209334fce6d,yield.gay,available,38.99,38.99,high,low,5,namesilo,,,30/09/2026 07:29
6ee4016d-197f-4929-a3a5-01057ff4acf9,carribean.gay,premium,715,715,high,low,9,dynadot,,,01/10/2026 23:31
79078621-bd54-4d16-afac-4c979a81d09e,eudaemonia.gay,available,2.98,50.98,high,low,10,namecheap,,,12/09/2026 22:59
2ea9989b-efc8-4607-a58f-5cfca1628bf0,now.gay,premium,2600,2600,high,medium,3,namecheap,,,28/09/2026 01:14
ff4cfe82-1c07-46af-b4b3-caeddb0b49ce,uncultured.gay,available,2.98,50.98,medium,low,10,namecheap,,,12/09/2026 06:38
e51d8210-e4e7-416c-9151-952bb5bff6ca,cislunar.gay,available,2.98,50.98,medium,low,8,namecheap,,,12/08/2026 08:30
1907d1e6-3ea2-4554-8642-0fef7a935462,kept.gay,available,38.99,38.99,high,low,4,namesilo,,,25/09/2026 12:27
3b4c11f6-5f11-4200-affc-bc75ba095efa,apathy.gay,available,38.99,38.99,medium,low,6,namesilo,,,19/09/2026 16:17
d2a56140-a309-4fd3-a415-b3d837fd370c,told.gay,available,38.99,38.99,medium,low,4,namesilo,,,
bf728216-73d2-48c6-b270-7b8c897f2100,jibe.gay,available,38.99,38.99,medium,low,4,namesilo,,,22/09/2026 04:14
5d40a010-92e2-40de-9a89-950ad348a20d,francine.gay,available,1.75,31.28,high,low,8,spaceship,,,30/09/2026 13:27
5f5262dd-d974-4e1a-a8bc-8ce2fd6165a4,kane.gay,premium,130,130,high,low,4,namecheap,,,27/09/2026 07:59
ea2679dc-8e40-4971-8d80-7838601e1083,blm.gay,available,2.98,50.98,high,low,3,namecheap,,,29/09/2026 09:47
14485b44-e13b-4dc8-91ec-871999092f0a,snug.gay,available,2.98,50.98,high,low,4,namecheap,,,12/08/2026 12:11
c6196b75-257e-439a-b694-678e50f3d043,oval.gay,available,38.99,38.99,high,low,4,namesilo,,,24/09/2026 13:34
3f737a3e-951c-47f0-8362-ff55f6d3020c,nose.gay,premium,116,116,high,low,4,namesilo,,,30/09/2026 05:52
27b53e4c-ca9d-4f43-a083-d85a893673ad,raul.gay,premium,103.7,103.7,high,low,4,spaceship,,,28/09/2026 22:04
56de595d-9d2d-40b4-9d3b-a282fc108e2c,designedly.gay,available,2.98,50.98,medium,low,10,namecheap,,,13/09/2026 17:33
80fcf6c1-bb0c-4a29-a5b7-2b3053974a6c,disharmony.gay,available,38.99,38.99,medium,low,10,namesilo,,,24/09/2026 22:38
0dafbe06-b1ae-4c39-9e82-86349c5626af,longitude.gay,available,1.75,31.28,high,low,9,spaceship,,,30/09/2026 03:11
b4740a95-d13e-40e8-8041-52b60c560d01,moronic.gay,available,2.98,50.98,medium,low,7,namecheap,,,25/08/2026 06:35
9915d16f-716c-4967-9c9d-d66cd016db42,hurst.gay,premium,116,116,medium,low,5,namesilo,,,02/10/2026 17:30
acbb3a4b-21b1-435e-bba7-7b2d7c3798bb,farsighted.gay,available,2.98,50.98,medium,low,10,namecheap,,,17/08/2026 22:41
165aa955-f86a-41b4-a366-1ae0958ef84e,motorcycles.gay,available,38.99,38.99,medium,low,11,namesilo,,,30/09/2026 06:06
d10745a5-6767-4a08-8e6a-08b0d791e88e,aras.gay,available,38.99,38.99,medium,low,4,namesilo,,,20/09/2026 00:22
4fb926e0-86c2-4f25-a29b-8e66b8c1641c,soupy.gay,available,2.98,50.98,medium,low,5,namecheap,,,09/08/2026 01:20
19a5a0bf-cbee-40cf-afb6-3847a7698772,mangled.gay,available,2.98,50.98,medium,low,7,namecheap,,,24/08/2026 14:53
351613f6-4c2b-4a93-af82-7165005f6f07,duration.gay,available,1.75,31.28,high,low,8,spaceship,,,28/09/2026 19:00
fc55e8a7-4171-4feb-8809-6edbfb497d40,bca.gay,premium,224,224,high,low,3,namesilo,,,02/10/2026 08:48
37b853e7-3f29-411c-bdfb-70a5f3637bff,irvin.gay,available,1.75,31.28,medium,low,5,spaceship,,,28/09/2026 16:39
0bf9157b-4c20-431d-8370-84511941f842,freshly.gay,premium,116,116,high,low,7,namesilo,,,18/08/2026 15:18
e96c7aad-a57f-4438-993f-1c526cbb7e4c,voting.gay,premium,109.69,109.69,high,low,6,porkbun,,,29/09/2026 00:48
8bb22bd8-8619-4101-adf9-0c49da43a0a8,wayne.gay,premium,116,116,high,low,5,namesilo,,,19/09/2026 13:47
6b5e4a9e-060f-4771-95b4-c822839670aa,vain.gay,available,38.99,38.99,high,low,4,namesilo,,,22/09/2026 23:50
f461a5d3-10c8-4e97-9238-2cf4d99a7f17,expeditions.gay,available,2.99,38.99,medium,low,11,namesilo,,,01/10/2026 17:33
7f2f7d33-8fa0-45ff-8a6e-00d3a8ae85ac,rational.gay,premium,53.92,53.92,high,low,8,namesilo,,,22/08/2026 07:50
0dcde279-63e3-478a-bee9-ebf5b84e7847,enrollments.gay,available,38.99,38.99,medium,low,11,namesilo,,,30/09/2026 16:24
999897d7-33a7-4e22-b2f5-0de87b406db5,glide.gay,available,38.99,38.99,high,medium,5,namesilo,,,19/09/2026 16:45
f9a047a4-8a06-45f6-8a14-9b968beaedb9,netherland.gay,available,38.99,38.99,medium,low,10,namesilo,,,30/09/2026 05:30
302cb802-2818-465d-98ed-ef75ea621287,ihs.gay,premium,2070.2,2070.2,medium,low,3,spaceship,,,02/10/2026 08:28
6a009cbf-9c93-4c84-82d3-b3f80e2a9579,barclay.gay,available,2.98,50.98,high,low,7,namecheap,,,27/09/2026 03:05
0d5e6792-884b-4743-a210-98be77a004fb,letting.gay,available,2.98,50.98,high,low,7,namecheap,,,09/09/2026 14:21
e17f78ee-e770-4930-bd47-f99ee83d9cde,technicals.gay,available,2.98,50.98,medium,low,10,namecheap,,,18/09/2026 20:39
8c817593-6453-40f4-9f94-73fbc74f0516,hating.gay,available,2.06,31.41,low,low,6,porkbun,,,02/10/2026 02:47
e5584b36-632e-4cf2-8f80-cae0ccfd5b77,synoecious.gay,available,2.98,50.98,medium,low,10,namecheap,,,11/09/2026 06:29
172da9de-dfdb-4efd-91a6-c41a557eb6b0,msdos.gay,available,1.75,31.28,high,low,6,spaceship,,,02/10/2026 16:07
483ad6f8-8179-47f4-a035-2e656ba2e6b5,constipation.gay,available,2.06,31.41,medium,low,12,porkbun,,,02/10/2026 21:23
78f8b601-602a-445e-a999-d8728ac51880,extinguish.gay,available,1.75,31.28,high,low,10,spaceship,,,02/10/2026 06:41
087a7a72-1bd4-4f23-9f9b-ef24efbeb161,candent.gay,available,2.98,50.98,medium,low,7,namecheap,,,11/08/2026 16:37
af5b0955-8ce6-4847-9a73-845a4b361e2d,krug.gay,available,2.06,31.41,high,medium,4,porkbun,,,02/10/2026 13:10
424dc162-9016-4a44-9187-d185fe0fbee4,golfer.gay,resell,,,high,low,6,,,,30/09/2026 17:30
88a81251-74f4-4049-ae98-a09a0c5f444f,epos.gay,available,2.98,50.98,high,low,4,namecheap,,,17/08/2026 10:28
583d5e96-e4d6-4722-ae74-9b0198a782de,enduring.gay,available,2.98,50.98,high,low,8,namecheap,,,
6eb61f9d-6a35-4d38-bee5-a9167c0e2164,frc.gay,available,2,32.32,high,low,3,dynadot,,,02/10/2026 22:09
c82c0ddd-f132-4eea-b6d3-6bcc4d9ed43d,kei.gay,premium,224,224,medium,low,3,namesilo,,,01/10/2026 10:28
d4072c16-15ac-45fd-bd39-036243e6d433,roam.gay,available,2.98,50.98,high,low,4,namecheap,,,10/09/2026 22:08
18614a82-585b-4b61-9dc7-6037c848ba37,protrusive.gay,available,2.98,50.98,medium,low,10,namecheap,,,09/09/2026 04:20
f2c8bdec-a89b-4825-8d52-6d9e0b10cc95,sheryl.gay,premium,258.95,258.95,medium,low,6,spaceship,,,02/10/2026 00:13
4994f22b-eb95-40e8-be5e-8c53b79ea698,semi.gay,available,38.99,38.99,high,low,4,namesilo,,,20/09/2026 11:18
00e3b74e-7f55-46ae-8e15-6d5c8e4a1319,jokingly.gay,available,2.98,50.98,medium,low,8,namecheap,,,14/09/2026 17:23
94d0a7c4-95d7-41e4-8465-8f1a3fc90f27,supplicant.gay,available,2.98,50.98,medium,low,10,namecheap,,,11/09/2026 03:28
b07855e1-c3c4-4d5b-b0c2-5d1e35a61470,blacksmith.gay,available,2.98,50.98,high,low,10,namecheap,,,24/09/2026 03:09
d7cff8fd-dd31-41b7-b812-6874c8b8904a,rnas.gay,available,32.32,32.32,low,low,4,dynadot,,,29/09/2026 05:15
0aa6e196-2226-492a-93c5-2d2aee036735,assort.gay,available,38.99,38.99,high,low,6,namesilo,,,17/09/2026 14:23
1a6d1c3f-8665-41a7-b0f9-f8c62ef1d1f1,difficult.gay,available,38.99,38.99,high,low,9,namesilo,,,24/09/2026 08:14
16070e3d-7b79-4e63-946c-40a1f797fc04,strachan.gay,available,38.99,38.99,medium,low,8,namesilo,,,30/09/2026 23:17
27973d5e-f435-4b39-8f4c-8d1284fd79e4,righteous.gay,available,1.75,31.28,high,low,9,spaceship,,,27/09/2026 15:12
132a70a2-3a77-4c6c-8f8d-82f756ad5c8b,pervert.gay,premium,832,832,medium,low,7,namesilo,,,23/09/2026 23:54
f0db067b-3590-4d68-9259-c4bd34dd3c71,fibrous.gay,available,2.98,50.98,medium,low,7,namecheap,,,18/08/2026 03:22
f9ab45b2-6c5c-4e9d-9018-2352d382e0d2,identity.gay,resell,,,high,medium,8,Porkbun,01/08/2022 20:25,01/08/2027 20:25,30/09/2026 21:00
d3295db6-3007-42ad-9178-7f5be4ab7aa8,battue.gay,available,38.99,38.99,medium,low,6,namesilo,,,22/09/2026 16:30
a48f0206-5871-4c27-8f56-6a9edcc1bbe2,hesperides.gay,available,38.99,38.99,medium,low,10,namesilo,,,20/09/2026 21:44
4aa4e826-189f-4fd5-9d35-93ab689b3951,knocked.gay,available,38.99,38.99,low,low,7,namesilo,,,25/09/2026 18:45
13d6e11b-0fe7-453f-ab7a-257192c2abd7,hominal.gay,available,2.98,50.98,medium,low,7,namecheap,,,21/08/2026 11:35
b100038a-2f15-45a0-8a5d-ffca0a376e7d,robe.gay,available,1.75,31.28,high,low,4,spaceship,,,28/09/2026 06:41
747e6b3e-a120-40e7-b5a2-82840b34e3aa,unexcited.gay,available,2.98,50.98,medium,low,9,namecheap,,,12/09/2026 09:30
ff38db4e-7011-4bca-b94b-51a569bc20ae,exits.gay,available,1.75,31.28,medium,low,5,spaceship,,,28/09/2026 17:05
fff10cf4-b19b-47f1-80d6-ee9e7c4365e9,olsen.gay,premium,130,130,high,low,5,namecheap,,,25/09/2026 12:35
6a13e540-b979-46fd-a7d3-e8dd18c41643,recognised.gay,available,38.99,38.99,high,low,10,namesilo,,,21/09/2026 15:30
c171134b-afdc-41c2-959e-6c7d98eda202,cleansing.gay,available,2.98,50.98,high,low,9,namecheap,,,
f52113a8-dc50-4bbd-a3ab-17bccde32b89,choc.gay,premium,103.7,103.7,high,low,4,spaceship,,,29/09/2026 08:48
6760905f-9e7d-48ea-b6c2-9b24ac258145,wing.gay,available,2.98,50.98,high,low,4,namecheap,,,22/09/2026 15:49
899e3472-7733-4949-a338-39a6600b3b3b,flowed.gay,available,2.06,31.41,medium,low,6,porkbun,,,02/10/2026 02:35
87a2018a-8dc0-4026-aac6-30c62cf1442b,crooks.gay,available,2.06,31.41,medium,low,6,porkbun,,,30/09/2026 20:36
b2a1713b-ff4f-425d-9dd0-9e072ec747f8,wearing.gay,available,2.98,50.98,medium,low,7,namecheap,,,11/09/2026 16:26
7da366ec-00c4-4c40-bfcc-cdda79ac5f59,playful.gay,available,2.98,50.98,high,low,7,namecheap,,,08/09/2026 20:58
ad5f2dff-5cfb-4386-8208-f6862fd157cf,headmaster.gay,available,38.99,38.99,high,low,10,namesilo,,,29/09/2026 13:01
497c3323-5167-4f5c-8424-725d4addc192,prenatal.gay,available,38.99,38.99,high,low,8,namesilo,,,22/09/2026 05:55
eeb8b318-fcce-455f-8540-f49cfaa455ec,nonchalant.gay,available,2.98,50.98,high,low,10,namecheap,,,11/08/2026 20:36
e1068825-f59d-4c3f-87c0-4c9f91d8a0d3,submissive.gay,premium,832,832,medium,low,10,namesilo,,,11/09/2026 00:25
7e55414b-0a47-4364-adb6-1531214e83b4,gram.gay,premium,103.7,103.7,high,medium,4,spaceship,,,29/09/2026 20:15
cd3a6f83-9cd1-4265-9593-65f478e0d8c5,belay.gay,available,38.99,38.99,medium,low,5,namesilo,,,23/09/2026 04:34
14135fb1-2ce9-431e-9771-e7f18b0547ce,exorcism.gay,available,1.75,31.28,medium,low,8,spaceship,,,02/10/2026 04:46
50c79bbc-4e50-4e48-865c-15c9c8277a6f,transitional.gay,available,38.99,38.99,high,low,12,namesilo,,,30/09/2026 23:21
0a2407ef-f6d7-4e2e-b64a-c3f9ca0664a1,sororal.gay,available,2.98,50.98,medium,low,7,namecheap,,,10/09/2026 08:56
84d103c4-1370-4437-a34c-da2e27173784,ellicott.gay,available,2.98,50.98,high,low,8,namecheap,,,01/10/2026 12:35
e71f85c1-3e35-4c55-9e8d-3f5d98f24996,excellent.gay,premium,53.92,53.92,high,low,9,namesilo,,,24/09/2026 15:50
d78dc908-5881-43a1-b91e-28750052a117,soe.gay,premium,181.33,181.33,medium,low,3,spaceship,,,28/09/2026 21:29
6ee84504-2d57-47a3-aa5d-cb29309ff888,fax.gay,premium,103.7,103.7,high,low,3,spaceship,,,28/09/2026 14:07
47ee3684-688f-42ea-a32e-d53faafb3560,impending.gay,available,2.98,50.98,high,low,9,namecheap,,,21/08/2026 20:59
95b96d44-bdcf-4dc4-8300-3c72733d1c7a,hurried.gay,available,2.98,50.98,medium,low,7,namecheap,,,21/08/2026 15:45
b16f23be-7f8e-404e-b7f0-e6aa0e9c3dde,tourism.gay,premium,845,845,high,low,7,namecheap,,,29/09/2026 20:31
dffe7d11-fbcb-47f9-84ca-9afa2c299140,donny.gay,premium,103.7,103.7,high,low,5,spaceship,,,30/09/2026 20:44
6d71a5be-851d-4a5c-876f-b2de62433c87,closer.gay,available,1.75,31.28,high,low,6,spaceship,,,28/09/2026 14:02
eb5431b0-baa6-49c4-a109-73107b501c77,chemic.gay,available,2.98,50.98,medium,low,6,namecheap,,,12/08/2026 04:12
a6f35907-6ec1-439a-9f89-909070131145,comprehend.gay,available,32.32,32.32,high,low,10,dynadot,,,29/09/2026 18:01
57faa580-190d-44bb-a0de-99b427215c04,minsk.gay,available,32.32,32.32,high,low,5,dynadot,,,28/09/2026 05:24
455b0d07-1a47-4c6a-86a4-ab783b605832,tipple.gay,available,38.99,38.99,medium,low,6,namesilo,,,23/09/2026 12:44
d94848f0-eac6-42b2-95f7-15dc13ba4918,pogge.gay,available,2.98,50.98,medium,low,5,namecheap,,,17/09/2026 19:01
2111e83a-0589-48be-9357-e87ad329fc01,dash.gay,premium,103.7,103.7,high,medium,4,spaceship,,,28/09/2026 01:44
74b20316-d859-49d0-b182-5236c8257607,deepening.gay,available,2.98,50.98,medium,low,9,namecheap,,,13/08/2026 23:00
e17cf03d-5c27-4532-b2e0-4fd30d760cd7,rung.gay,available,2.98,50.98,medium,low,4,namecheap,,,01/10/2026 21:34
b67c87a1-58a4-448f-8fcc-2db90f7bfa21,visitor.gay,available,38.99,38.99,high,low,7,namesilo,,,30/09/2026 14:31
2cb966d8-1a41-49fa-9f82-ad8faac69ea5,addams.gay,available,38.99,38.99,medium,low,6,namesilo,,,29/09/2026 23:22
0eff9f23-fa1f-42d0-9f2c-5a20a6c97ee6,mailed.gay,available,2.98,50.98,medium,low,6,namecheap,,,24/08/2026 13:18
b639c45a-e434-4df5-842a-34a7886a9584,mistletoe.gay,available,1.75,31.28,medium,low,9,spaceship,,,02/10/2026 11:12
814da961-d9ed-49cc-ba02-e97259ff389f,sands.gay,premium,2500,2500,high,low,5,name.com,,,24/08/2026 07:38
8016828b-51e9-445b-a02f-5fd843dcd1cf,murder.gay,available,38.99,38.99,medium,low,6,namesilo,,,26/09/2026 00:00
01e31ba3-7a70-42b0-b867-7d35b4110a89,anasa.gay,available,38.99,38.99,medium,low,5,namesilo,,,19/09/2026 03:09
0615e8a7-ccd2-4125-a45e-550457086b2b,masterpiece.gay,available,2.06,31.41,high,medium,11,porkbun,,,28/09/2026 07:05
59ed92be-4626-4f1e-bccf-15331cd70af5,humidity.gay,available,38.99,38.99,high,low,8,namesilo,,,29/09/2026 01:18
bb306575-4427-46e6-9b78-69831a1a0b3c,simonds.gay,available,2.99,38.99,medium,low,7,namesilo,,,02/10/2026 10:59
bff941be-9191-4712-b5fc-1e06949b571d,downy.gay,available,2.98,50.98,high,low,5,namecheap,,,14/08/2026 17:40
b011ef6c-e1f5-43e4-a927-36915d48c18f,spaciously.gay,available,2.98,50.98,medium,low,10,namecheap,,,16/09/2026 00:04
2431f91f-3b4e-4aba-9115-ea63aa2616c2,basil.gay,premium,116,116,high,low,5,namesilo,,,22/09/2026 10:43
94544b9c-a5e3-478c-996c-cd1283191633,yue.gay,premium,181.33,181.33,high,low,3,spaceship,,,29/09/2026 18:11
1d9c8b53-cfb5-4d54-b341-d894cf021c10,motherhood.gay,available,1.75,31.28,high,low,10,spaceship,,,29/09/2026 19:42
776794ba-fa5f-4fea-8e38-0b034f8a2527,detonation.gay,available,38.99,38.99,medium,low,10,namesilo,,,30/09/2026 08:10
da97ba2a-5d07-451d-833e-3b07d6dbde2b,precolumbian.gay,available,2.98,50.98,medium,low,13,namecheap,,,02/10/2026 21:03
f44f7351-46d0-4679-8eff-eabe5fd90786,roadman.gay,available,2.98,50.98,high,low,7,namecheap,,,21/09/2026 18:08
ae7d2901-e706-4051-8520-dfad6daf4657,otoscope.gay,available,38.99,38.99,medium,low,8,namesilo,,,21/09/2026 04:28
48e4f45a-d692-4113-9113-c77fd4a1a21f,spry.gay,available,2.98,50.98,high,low,4,namecheap,,,
e9534090-452e-4237-a661-65fb599298bc,primacy.gay,available,2.99,38.99,high,low,7,namesilo,,,01/10/2026 03:21
8e6cb1da-3bf8-4b26-bd51-86322946a88a,ratlike.gay,available,2.98,50.98,high,medium,7,namecheap,,,09/09/2026 10:35
4d298eb3-e3cb-4d57-bd43-c26fe8b11043,miscreant.gay,available,2.98,50.98,medium,low,9,namecheap,,,09/09/2026 14:38
6cfbaa4b-4c7d-4eed-a9e7-b1a239c37d33,immaculate.gay,available,2.98,50.98,high,low,10,namecheap,,,18/08/2026 00:07
722ceab7-1617-47fa-9fb6-da18e0d97d67,salar.gay,available,2,32.32,high,low,5,dynadot,,,02/10/2026 19:12
aed24a0c-ced7-40ef-b4ae-d4716ddd9895,pail.gay,available,1.75,31.28,medium,low,4,spaceship,,,29/09/2026 04:55
f097b930-3729-4dff-baa1-e81b05143e7c,lewiston.gay,available,38.99,38.99,medium,low,8,namesilo,,,28/09/2026 14:42
8827a300-af2d-43d1-a97b-30edf7a66a2a,mouthcare.gay,available,50.98,,medium,low,9,namecheap,,,
2a6cd4d4-bf08-4639-b8bb-1a532f68ed59,braintree.gay,premium,2070.2,2070.2,high,medium,9,spaceship,,,30/09/2026 05:04
af6a4325-d571-4137-b544-8ad9ce8fd755,absorbance.gay,available,2.98,50.98,high,low,10,namecheap,,,16/09/2026 18:11
32329ee4-07cc-445c-9339-9c7da4a71057,dotcom.gay,available,2.98,50.98,high,low,7,namecheap,,,14/08/2026 16:26
0b55a2fe-91be-413a-9a33-662523159739,ethnicity.gay,available,38.99,38.99,high,low,9,namesilo,,,01/10/2026 01:57
3d705536-9b44-480c-a857-862fa322ae15,beaming.gay,available,2.98,50.98,high,low,7,namecheap,,,09/08/2026 04:03
e2168a27-9a87-4c37-be24-d77b309e5044,baylor.gay,premium,116,116,medium,low,6,namesilo,,,27/09/2026 01:57
c8bb4c74-3988-424c-9616-d2d7816bb83b,uncooked.gay,premium,53.92,53.92,medium,low,8,namesilo,,,12/09/2026 06:09
d4399d30-267f-4132-8a37-7923f34c9599,cooley.gay,premium,109.69,109.69,medium,low,6,porkbun,,,30/09/2026 20:21
6c3787c8-45ad-4d89-a8e5-d1d0ddba76aa,priorities.gay,available,1.75,31.28,medium,low,10,spaceship,,,28/09/2026 17:39
f2cda4f1-1745-4ac3-8b04-d909edf9bc64,grudge.gay,available,1.75,31.28,high,low,6,spaceship,,,29/09/2026 19:05
245b3af0-7216-4b0a-bab5-6d1456038cc8,conceal.gay,available,38.99,38.99,high,low,7,namesilo,,,29/09/2026 22:43
32a0e543-d463-4711-971e-dde626823af9,eeoc.gay,available,2.06,31.41,high,low,4,porkbun,,,01/10/2026 08:04
1fd7d23d-2461-4021-8d6c-6647b5a8f5f4,narrows.gay,available,38.99,38.99,medium,low,7,namesilo,,,30/09/2026 21:54
3b3fd0de-508f-4dea-b123-53a97e2ce4d6,twelve.gay,available,2.98,50.98,high,low,6,namecheap,,,21/09/2026 11:23
af361bb1-0d59-4ea2-bf8c-e6797abea4a8,rhodes.gay,premium,103.7,103.7,medium,low,6,spaceship,,,28/09/2026 13:40
388b6fad-e372-4de7-a440-8fcf80b06727,actions.gay,available,2.99,53.99,medium,low,7,name.com,,,
5cad8b86-ef4b-4a1a-97d2-1e2ec05f2372,ellsworth.gay,available,1.75,31.28,medium,low,9,spaceship,,,27/09/2026 13:20
b47bee77-d228-40d6-9954-4cfd2e43f8d3,monica.gay,premium,302.5,302.5,high,low,6,namesilo,,,25/09/2026 13:55
380ee6e6-f04b-4938-92a7-f6c3cd3d652f,prevents.gay,available,38.99,38.99,medium,low,8,namesilo,,,29/09/2026 16:31
0f530e9a-fca6-4577-8f97-5472d30300cf,ungentle.gay,available,2.98,50.98,medium,low,8,namecheap,,,12/09/2026 11:11
94e02f87-6510-4244-a00a-c1269be57e3f,abasic.gay,available,2.98,50.98,medium,low,6,namecheap,,,
6f33dfd1-8b8c-42d7-8778-859b4277e569,roxbury.gay,available,38.99,38.99,high,low,7,namesilo,,,28/09/2026 12:20
2426bd9b-f91b-4e2d-95c1-347fe1471113,packsack.gay,available,38.99,38.99,medium,low,8,namesilo,,,21/09/2026 14:40
a675cba2-8ea2-4028-b1a5-98ba8d21843e,uproarious.gay,available,2.98,50.98,medium,low,10,namecheap,,,21/08/2026 09:23
955fad81-2e8d-4916-82a5-abc9c576e6db,resulting.gay,available,1.75,31.28,high,low,9,spaceship,,,29/09/2026 10:42
f1ea0c34-2c77-476e-b686-88103f52fed9,sonoran.gay,available,2.99,38.99,high,low,7,namesilo,,,01/10/2026 23:36
7c65961b-e1bd-42df-8dec-aaaf972cb72e,sellable.gay,available,2.98,50.98,medium,low,8,namecheap,,,24/08/2026 20:28
dd86bafc-b0e4-43ac-8513-450312be2da3,legislative.gay,available,1.75,31.28,high,low,11,spaceship,,,01/10/2026 07:23
3095dcd7-d349-4daa-8bf7-9783dff68a9f,clubby.gay,available,2.98,50.98,medium,low,6,namecheap,,,12/08/2026 11:19
b489c54a-629b-4c06-a360-215fe74e3b59,masterly.gay,available,2.98,50.98,high,low,8,namecheap,,,23/09/2026 21:40
9b7499ea-9136-4bbc-ba59-bfb6de5b0738,madonna.gay,premium,2660,2660,high,low,7,namesilo,,,24/09/2026 06:06
2f8bb952-52da-44fa-b9db-8a9f811f3eaa,combative.gay,available,2.98,50.98,medium,low,9,namecheap,,,
7450a04f-c754-410e-b443-951a89ad4ad6,makeshift.gay,available,2.98,50.98,high,low,9,namecheap,,,21/08/2026 23:21
c65fd3c9-048f-40c1-94ff-1c5ed91fafc5,unimposing.gay,available,2.98,50.98,medium,low,10,namecheap,,,12/09/2026 13:12
64999736-0e0c-4d5c-b53f-421bfb5b76cc,hurts.gay,available,1.75,31.28,medium,low,5,spaceship,,,27/09/2026 23:53
33545bd0-621e-4d76-b45c-35f42621f313,slovenian.gay,available,2.98,50.98,medium,low,9,namecheap,,,10/09/2026 11:19
88fa32b3-43fb-43b7-9a38-4ccdc2ca56ee,bulimia.gay,available,53.99,53.99,medium,low,7,name.com,,,23/09/2026 17:32
21242e2b-1910-4823-969f-ee457ba508ce,monophonic.gay,available,2.98,50.98,medium,low,10,namecheap,,,25/08/2026 04:55
874e73c5-3d8a-40f0-ba06-be476a941e86,shiftless.gay,available,2.98,50.98,high,medium,9,namecheap,,,10/09/2026 06:28
23bf82ab-3a56-4390-9d73-3ea7ed5f1441,exhibition.gay,premium,103.7,103.7,high,low,10,spaceship,,,29/09/2026 18:34
7369fd30-8ab3-4c38-bf10-5bbb79e437d5,waker.gay,available,38.99,38.99,medium,low,5,namesilo,,,20/09/2026 08:31
a0d85e9e-b907-438a-a24d-efb17d21596a,pla.gay,premium,181.33,181.33,high,low,3,spaceship,,,27/09/2026 18:08
f603e479-783d-4f09-9933-cb8c3960c2fe,academic.gay,available,2.98,50.98,high,low,8,namecheap,,,21/09/2026 15:21
d026b558-c30b-407c-b830-0ed3a66ee8f1,fuels.gay,available,1.75,31.28,medium,low,5,spaceship,,,01/10/2026 16:17
2d0957e1-9f02-44fd-9caf-4ad9b9fe999f,proofed.gay,available,2.98,50.98,medium,low,7,namecheap,,,09/09/2026 03:24
33ba4308-64df-4f5d-888c-5d3edd391559,fingerprint.gay,available,32.32,32.32,high,low,11,dynadot,,,29/09/2026 08:29
f195cdef-d26d-468c-9380-7b820814a66e,anthropic.gay,available,,,high,high,9,,,,
8921a282-3ac6-43ee-88f7-62a8cd1b0977,plus.gay,premium,325,325,high,medium,4,namecheap,,,27/09/2026 04:17
ed87130e-04e8-41a2-8690-1df5bdc9a076,hauling.gay,available,38.99,38.99,high,low,7,namesilo,,,30/09/2026 01:50
26cdc890-2ec2-4080-82cb-2b6ac2386809,handless.gay,available,2.98,50.98,medium,low,8,namecheap,,,11/08/2026 10:12
7521e32a-50a4-47d9-8c96-5124d801df11,hypocrite.gay,available,2.98,50.98,medium,low,9,namecheap,,,08/09/2026 19:08
c4844e64-0c77-4b93-9e88-66359991dbbc,ppb.gay,premium,191.57,191.57,medium,low,3,porkbun,,,02/10/2026 17:48
faa004c9-32af-4422-841b-b24dca387f94,dubious.gay,available,2.98,50.98,medium,low,7,namecheap,,,14/08/2026 16:57
6c181ce5-5c7e-4773-8afe-5479e62a6c8b,biaxal.gay,available,2.98,50.98,medium,low,6,namecheap,,,09/08/2026 18:46
ce5b3221-243e-46f9-81a3-0089a0239bb4,petroglyphs.gay,available,2.99,38.99,medium,low,11,namesilo,,,02/10/2026 23:09
54951316-0630-4048-93b0-fe360fa105cd,chu.gay,available,38.99,38.99,medium,low,3,namesilo,,,25/09/2026 12:27
a24c3a8a-19c8-46a2-bac9-5eb32c213cf4,cloudberry.gay,available,2.98,50.98,medium,low,10,namecheap,,,21/09/2026 20:03
b391d99f-f602-4719-9547-307ff4460026,clement.gay,premium,116,116,high,low,7,namesilo,,,12/08/2026 10:42
ca886ae2-585a-4a16-bdc8-f51165b6114d,drain.gay,available,38.99,38.99,high,low,5,namesilo,,,24/09/2026 23:49
9c7b1b8a-9f91-4a66-978a-da33c311dfbb,myoid.gay,available,2.98,50.98,low,low,5,namecheap,,,03/09/2026 12:10
22c413bf-1e91-4739-a592-6e62b8ff4a32,omani.gay,premium,832,832,high,low,5,namesilo,,,04/09/2026 02:24
7288b6c2-1d44-4de6-822f-4302167924b4,fleetwood.gay,available,1.75,31.28,medium,low,9,spaceship,,,28/09/2026 16:46
f1bf11d8-9d56-4bdf-a2c4-7f92fe64377a,lecturing.gay,available,2.99,38.99,high,low,9,namesilo,,,01/10/2026 02:51
070d3571-665b-40d0-9d65-f2d9d9670adc,recruitment.gay,premium,55,55,high,low,11,dynadot,,,29/09/2026 15:56
00d6a4fb-cead-4928-926e-7b0b9cb0c794,interstate.gay,available,38.99,38.99,high,low,10,namesilo,,,25/09/2026 10:24
67faca18-c28b-448b-bc5a-d0775ecc5b56,concessions.gay,available,1.75,31.28,medium,low,11,spaceship,,,30/09/2026 23:40
d5e31a7f-af9e-4825-88c6-115a4f52b25a,resonating.gay,available,38.99,38.99,high,low,10,namesilo,,,27/09/2026 12:29
b6c673be-a266-4cf3-856c-2281a6c2f1ba,blackhead.gay,available,2.98,50.98,medium,low,9,namecheap,,,24/09/2026 02:47
d1b1bb48-96a9-4ab0-bef6-f29db8401a65,abradant.gay,available,2.98,50.98,medium,low,8,namecheap,,,
f45e9592-00e5-408b-98a0-25e46e5bbc0b,recherche.gay,available,2.98,50.98,medium,low,9,namecheap,,,09/09/2026 11:27
97a1f5c7-39c2-4a37-9ff3-c6a6eff2ac1d,burnable.gay,available,2.98,50.98,medium,low,8,namecheap,,,11/08/2026 10:44
47c7db3e-7a79-4770-9010-f23219d91f51,fasten.gay,available,2.98,50.98,high,low,6,namecheap,,,30/09/2026 19:48
822f64f2-dffe-4b15-bc31-6db9bdedc469,aphorist.gay,available,38.99,38.99,medium,low,8,namesilo,,,19/09/2026 17:11
1270fb9c-a4eb-4bb6-b772-38fc06e995c5,tsang.gay,available,32.32,32.32,medium,low,5,dynadot,,,01/10/2026 16:26
b452f1e6-50e8-4796-a6fa-f776199b618b,axseed.gay,available,38.99,38.99,medium,low,6,namesilo,,,21/09/2026 10:31
373b7e57-1ce9-42e7-8733-b42f2b35d594,jeanette.gay,premium,116,116,high,low,8,namesilo,,,29/09/2026 09:37
960083bc-220e-4425-baa5-e98bfd079e39,positron.gay,available,2.98,50.98,medium,low,8,namecheap,,,19/09/2026 14:21
3f046d42-286c-45a5-9929-8f7f8755ad12,time.gay,premium,2200,2200,high,medium,4,dynadot,,,01/10/2026 20:18
45a8a7d3-50e3-4251-941b-7002ce5b5fa2,province.gay,premium,51.95,51.95,high,low,8,spaceship,,,30/09/2026 08:47
c1ec0758-ca10-4a2b-a548-eedc744f4305,pinnate.gay,available,2.98,50.98,high,medium,7,namecheap,,,08/09/2026 19:48
4f51ff1c-d163-43cd-a6ef-b538b7ae9695,cables.gay,available,38.99,38.99,medium,low,6,namesilo,,,17/09/2026 12:09
88913f44-f5e1-4bac-b777-ac4a0d477710,maintain.gay,available,1.75,31.28,high,low,8,spaceship,,,29/09/2026 22:52
f9d78239-2e61-44b9-90fb-880e32b76669,roche.gay,premium,2200,2200,high,low,5,dynadot,,,02/10/2026 18:03
18901044-5065-475f-a0fe-724fde575040,likeness.gay,available,2.98,50.98,high,low,8,namecheap,,,18/09/2026 07:48
d49add08-9bbb-44f9-b0bf-9fcf4766e5d7,subgroup.gay,available,2.98,50.98,high,low,8,namecheap,,,28/09/2026 15:24
b7e707b5-5150-4f0c-86e8-c364fe4d0e32,civilised.gay,available,2.98,50.98,high,low,9,namecheap,,,12/08/2026 09:08
79fd7446-9427-4187-9a7e-e76897ad666e,fulfill.gay,available,1.75,31.28,high,low,7,spaceship,,,28/09/2026 15:34
1ee9abec-937e-4268-b9bb-39a2a426bce6,graphs.gay,available,2.99,38.99,medium,low,6,namesilo,,,02/10/2026 23:01
9e62b712-4ec8-4176-bc27-1b0cfd4e8064,apiarian.gay,available,2.98,50.98,medium,low,8,namecheap,,,05/08/2026 23:53
ecf1dfc8-ae0e-4fba-ab1a-ca04e7842aec,tighter.gay,available,38.99,38.99,high,low,7,namesilo,,,29/09/2026 14:55
862ca19e-42e5-4c90-b640-7a84a554f0bc,leap.gay,available,2.98,50.98,high,medium,4,namecheap,,,30/09/2026 01:39
cb85ceb4-3c64-4f55-a6e5-560b79e54c75,radnor.gay,available,2.99,38.99,high,low,6,namesilo,,,03/10/2026 03:44
d2e388cc-527e-49eb-a3db-17dc53974621,shag.gay,available,2.98,50.98,medium,low,4,namecheap,,,18/08/2026 17:33
3e677d56-594a-428a-8cc9-6e8f96012bad,dysprosium.gay,available,38.99,38.99,medium,low,10,namesilo,,,20/09/2026 23:28
dbe4eb76-fa27-45b2-b028-cdb4af63c715,distinguished.gay,available,1.75,31.28,high,low,13,spaceship,,,01/10/2026 19:21
71975fac-378b-482c-8189-34c170391053,perfumed.gay,available,2.98,50.98,high,low,8,namecheap,,,08/09/2026 16:58
544231f4-b4d5-4048-bee4-100e43bf89fe,kaunas.gay,available,38.99,38.99,medium,low,6,namesilo,,,01/10/2026 02:48
21be4001-1367-4823-8a71-16854d3e8494,swarthy.gay,available,2.98,50.98,medium,low,7,namecheap,,,11/09/2026 05:25
e0d37501-384c-4367-acf5-9e06f5c78651,awareness.gay,premium,103.7,103.7,high,low,9,spaceship,,,28/09/2026 23:41
be8b63ce-9dac-45d7-9539-50fa94a59e17,nicolson.gay,available,32.32,32.32,medium,low,8,dynadot,,,01/10/2026 02:25
e6a13964-4ca8-43fe-86ad-61a71b5a698a,symptoms.gay,premium,65,65,medium,low,8,namecheap,,,27/09/2026 22:08
6fe90ca7-be81-463f-a751-cb673733ad87,brad.gay,premium,812.5,812.5,high,low,4,name.com,,,24/09/2026 07:52
f8a618d2-1565-4d7d-a8f5-9d7a2fe72421,robinson.gay,premium,832,832,high,low,8,namesilo,,,27/09/2026 13:17
bdda0695-4866-44dd-a72a-826f0f3a6550,scorn.gay,available,38.99,38.99,medium,low,5,namesilo,,,24/09/2026 17:41
6652644e-15e2-4890-853d-185a96bbefad,dividing.gay,available,38.99,38.99,medium,low,8,namesilo,,,29/09/2026 08:50
f837e26c-14aa-4e11-8d3a-3d0623c0ff8b,amphibious.gay,available,2.98,50.98,medium,low,10,namecheap,,,
4669f8b2-46ce-4d20-8ce2-abe58feb791a,selkirk.gay,available,38.99,38.99,medium,low,7,namesilo,,,18/09/2026 05:50
90a43d18-d2de-40fe-8c30-f2953989b745,catfish.gay,available,1.75,31.28,high,low,7,spaceship,,,29/09/2026 00:23
467375e6-3602-47f9-8e6d-3deba49392e5,decide.gay,available,1.75,31.28,high,low,6,spaceship,,,30/09/2026 09:55
3ff48b4f-cc83-4eef-b778-3cea1f8ec7cd,bombing.gay,available,38.99,38.99,medium,low,7,namesilo,,,27/09/2026 11:45
c8a8a62b-4aea-4905-a9ca-4c3ea8ed2747,argil.gay,available,38.99,38.99,medium,low,5,namesilo,,,20/09/2026 04:20
b0255aa3-513c-472a-bfc6-d353c55bb72b,peachy.gay,available,2.98,50.98,high,low,6,namecheap,,,08/08/2026 12:41
2e7a23c6-023e-455e-83b8-ac228b9be77d,valentina.gay,premium,109.69,109.69,high,low,9,porkbun,,,30/09/2026 21:18
f8b03f00-e7f2-4c1a-be0d-8b7f721f9152,radon.gay,available,38.99,38.99,high,low,5,namesilo,,,21/09/2026 00:00
32185bfc-3971-4064-b899-3830ca5d7232,sailboat.gay,available,2,32.32,high,low,8,dynadot,,,02/10/2026 16:41
be593666-0ec8-436f-87df-71115982e5ff,anxiety.gay,premium,116,116,high,low,7,namesilo,,,19/09/2026 15:59
6ee33463-612a-4d1b-882b-e4dbdbb61619,vacancies.gay,available,2.99,38.99,medium,low,9,namesilo,,,02/10/2026 03:59
ce8fdee7-8e83-4049-9dcf-756c71376c3b,piles.gay,available,2.98,50.98,high,low,5,namecheap,,,14/09/2026 23:21
0e87b9f4-9805-4332-9a57-c2ca162e2adb,chic.gay,premium,302.5,302.5,high,low,4,namesilo,,,12/08/2026 04:40
6646b4ac-99d7-4ffc-9ced-1e6b266889bf,hath.gay,available,1.75,31.28,medium,low,4,spaceship,,,01/10/2026 14:19
dc780cfb-4c4e-4dd9-b596-831a61a47af9,riskily.gay,available,2.98,50.98,medium,low,7,namecheap,,,15/09/2026 23:50
8e93e262-e0dd-4066-b3e9-346bf4e05e46,size.gay,premium,302.5,302.5,high,low,4,namesilo,,,27/09/2026 22:17
8e79ad60-5bd2-490d-8cb6-0efbd661a522,marang.gay,available,38.99,38.99,medium,low,6,namesilo,,,20/09/2026 12:01
36aaf268-5ade-47ac-a6c6-18ef3308663f,franconia.gay,available,1.75,31.28,medium,low,9,spaceship,,,30/09/2026 13:25
6a1e7749-250e-46e8-a8ac-eb07f0fcb73a,awaken.gay,available,38.99,38.99,high,low,6,namesilo,,,22/09/2026 14:40
f928a069-70e5-4f91-abf8-38b3c1b835ad,berger.gay,premium,130,130,medium,low,6,namecheap,,,29/09/2026 04:23
1850cb09-4499-4577-9217-31516f42c218,mya.gay,premium,109.69,109.69,high,low,3,porkbun,,,30/09/2026 09:54
481a9f94-34bf-4544-b4f2-afb757383cfa,hardness.gay,available,2.06,31.41,high,low,8,porkbun,,,02/10/2026 14:31
14817dea-9a23-40ad-83c9-b287db5a9121,monday.gay,premium,2070.2,2070.2,high,low,6,spaceship,,,30/09/2026 05:01
461daf58-6319-4d92-b4d8-a544c386d6ac,amaethon.gay,available,38.99,38.99,low,low,8,namesilo,,,18/09/2026 15:34
5e42c3a3-92f6-44af-b186-191d504d523c,affair.gay,premium,2660,2660,high,low,6,namesilo,,,17/09/2026 13:59
cb58a4ea-abe0-4609-9ec8-7d0421fe5172,antennas.gay,available,1.75,31.28,medium,low,8,spaceship,,,02/10/2026 22:47
b64671b4-d62b-497b-b951-869e734cb693,alpine.gay,premium,2500,2500,high,medium,6,name.com,,,
438c693c-4c04-4a92-b6ae-2c75698d3fd8,acinic.gay,available,2.98,50.98,medium,low,6,namecheap,,,
096eaf23-8f57-4930-bec3-ad361f74c227,contraband.gay,available,2.98,50.98,high,low,10,namecheap,,,22/09/2026 21:25
2f112a69-f3a0-4087-8c62-92f2668d2fd9,glasshouse.gay,available,2.98,50.98,high,low,10,namecheap,,,20/08/2026 19:52
e084f2b2-f783-43c0-bc2d-81abf1171457,genius.gay,premium,325,325,high,medium,6,namecheap,,,21/09/2026 17:41
91d89830-7748-46b2-a3cc-d80ead4a0d13,lobar.gay,available,2.98,50.98,medium,low,5,namecheap,,,24/08/2026 08:33
dc5df6af-fe5b-478c-9bda-43ff21d970ea,lms.gay,premium,2660,2660,high,low,3,namesilo,,,29/09/2026 15:35
9e688ba5-37f4-41b5-8fba-7ee09afa0697,ariel.gay,premium,110,110,high,low,5,dynadot,,,28/09/2026 07:27
b91f3912-066c-4b92-9b5a-e12ec4838475,chartreuse.gay,available,2.98,50.98,medium,low,10,namecheap,,,12/08/2026 02:57
8ed554a1-e560-4233-b06b-9088e8b9687d,astound.gay,available,38.99,38.99,high,low,7,namesilo,,,30/09/2026 15:00
8790cfa6-4c79-4b23-94fd-b6c9045c5228,opinion.gay,premium,130,130,high,low,7,namecheap,,,27/09/2026 16:53
f9de6c9e-0f34-44f6-992d-3c7ce58a4c1c,flaw.gay,available,38.99,38.99,medium,low,4,namesilo,,,29/09/2026 00:57
783c1d47-2600-42e2-9310-3a8a24504dac,offering.gay,available,38.99,38.99,high,low,8,namesilo,,,25/09/2026 09:37
1993fc50-0581-482c-ad24-ec860397018f,furred.gay,available,2.98,50.98,medium,low,6,namecheap,,,18/08/2026 18:52
ce0acd0f-09a1-4bb7-a412-836f4db83395,unpunished.gay,available,2.98,50.98,medium,low,10,namecheap,,,12/09/2026 17:37
57042da5-d154-4984-8774-c29fedabe71e,function.gay,available,2.98,50.98,high,low,8,namecheap,,,29/09/2026 20:12
e22c2cd9-e5e3-4742-91c8-f312dce12630,hoo.gay,premium,192.5,192.5,medium,low,3,dynadot,,,01/10/2026 06:01
3ae4c0cb-3853-410d-8378-7fc8e56d3358,sul.gay,premium,224,224,medium,low,3,namesilo,,,27/09/2026 10:19
596864cb-4ecc-4f5e-bbd5-a13cc8d0db05,arthropoda.gay,available,38.99,38.99,high,low,10,namesilo,,,20/09/2026 10:41
1f251cd6-9f02-48e6-a1b5-40bed1444901,evolutionary.gay,available,38.99,38.99,medium,low,12,namesilo,,,29/09/2026 10:23
2d70b97b-0e4e-4db3-832b-f00d9044ba62,aaa.gay,premium,2660,2660,high,medium,3,namesilo,,,28/09/2026 16:55